DIA,MODULO,GRADO_GRUPO,DOCENTE,MATERIA
LUNES,7:00-7:50,1°A,JOSÉ DE JESUS PEREZ CABRERA,EDUC. FISICA
MARTES,7:00-7:50,1°A,JOSÉ ANGEL VIARREAL RAMIREZ,PENS. MAT. I
MIERCOLES,7:00-7:50,1°A,NOE GOMEZ AULIS,LA MAT. Y SUS INT. PLQ
LUNES,7:50-8:40,1°A,JOSÉ DE JESUS PEREZ CABRERA,EDUC. FISICA
MARTES,7:50-8:40,1°A,JOSÉ ANGEL VIARREAL RAMIREZ,PENS. MAT. I
MIERCOLES,7:50-8:40,1°A,NOE GOMEZ AULIS,LA MAT. Y SUS INT. PLQ
JUEVES,7:50-8:40,1°A,LUZ MARIA GORDON ALVAREZ,LENG. Y COM I
VIERNES,7:50-8:40,1°A,NOE GOMEZ AULIS,CUL. DIG. I PS1
LUNES,8:40-9:30,1°A,CARLA PAULINA JIMENEZ SANCHEZ,FSE I
MARTES,8:40-9:30,1°A,MARIANA CAVAZOS EDDY,INGLES I
MIERCOLES,8:40-9:30,1°A,LUZ MARIA GORDON ALVAREZ,LENG. Y COM I
JUEVES,8:40-9:30,1°A,LUZ MARIA GORDON ALVAREZ,LENG. Y COM I
VIERNES,8:40-9:30,1°A,NOE GOMEZ AULIS,CUL. DIG. I PS1
LUNES,9:30-9:50,1°A,SIN ASIGNAR,R        E        C        E       S       O
LUNES,9:50-10:40,1°A,MARIANA CAVAZOS EDDY,INGLES I
MARTES,9:50-10:40,1°A,JOSÉ ANGEL VIARREAL RAMIREZ,PENS. FIL. HUM. I
MIERCOLES,9:50-10:40,1°A,MARIANA CAVAZOS EDDY,INGLES I
JUEVES,9:50-10:40,1°A,JOSÉ ANGEL VIARREAL RAMIREZ,LA MAT. Y SUS INT.
VIERNES,9:50-10:40,1°A,JOSÉ ANGEL VIARREAL RAMIREZ,PENS. FIL. HUM. I
LUNES,10:40-11:30,1°A,JOSÉ ANGEL VIARREAL RAMIREZ,LA MAT. Y SUS INT.
MARTES,10:40-11:30,1°A,JOSÉ ANGEL VIARREAL RAMIREZ,PENS. FIL. HUM. I
JUEVES,10:40-11:30,1°A,NOE GOMEZ AULIS,CUL. DIG. I
VIERNES,10:40-11:30,1°A,JOSÉ ANGEL VIARREAL RAMIREZ,PENS. FIL. HUM. I
MARTES,11:30-12:20,1°A,ITZEL HERNANDEZ TORRES,C. SOCIALES I
JUEVES,11:30-12:20,1°A,JOSÉ ANGEL VIARREAL RAMIREZ,PENS. MAT. I
MARTES,12:20-13:10,1°A,ITZEL HERNANDEZ TORRES,C. SOCIALES I
JUEVES,12:20-13:10,1°A,JOSÉ ANGEL VIARREAL RAMIREZ,PENS. MAT. I
LUNES,7:00-7:50,1°B,JOSÉ DE JESUS PEREZ CABRERA,EDUC. FISICA
MARTES,7:00-7:50,1°B,VERONICA GUADALUPE FABIAN ORTEGA,INGLES I
MIERCOLES,7:00-7:50,1°B,JOSÉ ANGEL VIARREAL RAMIREZ,PENS. MAT. I
LUNES,7:50-8:40,1°B,JOSÉ DE JESUS PEREZ CABRERA,EDUC. FISICA
MARTES,7:50-8:40,1°B,VERONICA GUADALUPE FABIAN ORTEGA,INGLES I
MIERCOLES,7:50-8:40,1°B,JOSÉ ANGEL VIARREAL RAMIREZ,PENS. MAT. I
LUNES,8:40-9:30,1°B,JOSÉ ANGEL VIARREAL RAMIREZ,LA MAT. Y SUS INT.
MARTES,8:40-9:30,1°B,LIC.NOE GOMEZ AULIS,CULT. DIG. I
MIERCOLES,8:40-9:30,1°B,VERONICA GUADALUPE FABIAN ORTEGA,INGLES I
LUNES,9:30-9:50,1°B,SIN ASIGNAR,R        E        C        E       S       O
LUNES,9:50-10:40,1°B,JOSÉ ANGEL VIARREAL RAMIREZ,PENS. FIL. HUM. I
MARTES,9:50-10:40,1°B,CRUZ DEL CARMEN MOLINA RODRIGUEZ,C. SOCIALES I
MIERCOLES,9:50-10:40,1°B,JOSÉ ANGEL VIARREAL RAMIREZ,LA MAT. Y SUS INT.
LUNES,10:40-11:30,1°B,JOSÉ ANGEL VIARREAL RAMIREZ,PENS. FIL. HUM. I
MARTES,10:40-11:30,1°B,CRUZ DEL CARMEN MOLINA RODRIGUEZ,C. SOCIALES I
MIERCOLES,10:40-11:30,1°B,LIC.NOE GOMEZ AULIS,CULT. DIG. I PS1
MIERCOLES,11:30-12:20,1°B,LIC.NOE GOMEZ AULIS,CULT. DIG. I PS1
MIERCOLES,12:20-13:10,1°B,CESIA DE LOS ANGELES VELAZQUEZ JIMENEZ,FSE I
LUNES,7:00-7:50,1°C,LIC.RUBEN DARIO JACOME DE LOS SANTOS,INGLES I
MARTES,7:00-7:50,1°C,JOSÉ DE JESUS PEREZ CABRERA,EDUC. FISICA
MIERCOLES,7:00-7:50,1°C,LIC.RUBEN DARIO JACOME DE LOS SANTOS,INGLES I
JUEVES,7:00-7:50,1°C,NOE GOMEZ AULIS,CUL. DIGT. I PS1
VIERNES,7:00-7:50,1°C,JOSÉ ANGEL VIARREAL RAMIREZ,PENS. MAT. I
LUNES,7:50-8:40,1°C,LUZ MARIA GORDON ALVAREZ,LENG. Y COM. I
MARTES,7:50-8:40,1°C,JOSÉ DE JESUS PEREZ CABRERA,EDUC. FISICA
MIERCOLES,7:50-8:40,1°C,LIC.RUBEN DARIO JACOME DE LOS SANTOS,INGLES I
JUEVES,7:50-8:40,1°C,NOE GOMEZ AULIS,CUL. DIGT. I PS1
VIERNES,7:50-8:40,1°C,JOSÉ ANGEL VIARREAL RAMIREZ,PENS. MAT. I
LUNES,8:40-9:30,1°C,LUZ MARIA GORDON ALVAREZ,LENG. Y COM. I
MARTES,8:40-9:30,1°C,NOE GOMEZ AULIS,LA MAT. Y SUS INT. PLQ
MIERCOLES,8:40-9:30,1°C,JOSÉ ANGEL VIARREAL RAMIREZ,PENS. MAT. I
JUEVES,8:40-9:30,1°C,JOSÉ ANGEL VIARREAL RAMIREZ,LA MAT. Y SUS INT
VIERNES,8:40-9:30,1°C,JOSÉ ANGEL VIARREAL RAMIREZ,PENS. FIL. HUM. I
LUNES,9:30-9:50,1°C,SIN ASIGNAR,R        E        C        E       S       O
LUNES,9:50-10:40,1°C,CRUZ DEL CARMEN MOLINA RODRIGUEZ,C. SOCIALES I
MARTES,9:50-10:40,1°C,NOE GOMEZ AULIS,LA MAT. Y SUS INT. PLQ
MIERCOLES,9:50-10:40,1°C,JOSÉ ANGEL VIARREAL RAMIREZ,PENS. MAT. I
JUEVES,9:50-10:40,1°C,IVÁN MONTEJO MAY,FSE I
VIERNES,9:50-10:40,1°C,JOSÉ ANGEL VIARREAL RAMIREZ,LA MAT. Y SUS INT
LUNES,10:40-11:30,1°C,CRUZ DEL CARMEN MOLINA RODRIGUEZ,C. SOCIALES I
MIERCOLES,10:40-11:30,1°C,JOSÉ ANGEL VIARREAL RAMIREZ,PENS. FIL. HUM. I
JUEVES,10:40-11:30,1°C,JOSÉ ANGEL VIARREAL RAMIREZ,PENS. FIL. HUM. I
LUNES,11:30-12:20,1°C,NOE GOMEZ AULIS,CUL. DIGT. I
MIERCOLES,11:30-12:20,1°C,LUZ MARIA GORDON ALVAREZ,LENG. Y COM. I
JUEVES,11:30-12:20,1°C,JOSÉ ANGEL VIARREAL RAMIREZ,PENS. FIL. HUM. I
LUNES,7:00-7:50,1°G,LIC.NOE GOMEZ AULIS,LA MAT. Y SUS INT. PLQ
MARTES,7:00-7:50,1°G,JOSÉ DE JESUS PEREZ CABRERA,EDUC. FISICA
VIERNES,7:00-7:50,1°G,KATYA ITZEL MARIN AGUILAR,PENS. MATE I
LUNES,7:50-8:40,1°G,LIC.NOE GOMEZ AULIS,LA MAT. Y SUS INT. PLQ
MARTES,7:50-8:40,1°G,JOSÉ DE JESUS PEREZ CABRERA,EDUC. FISICA
MIERCOLES,7:50-8:40,1°G,LIC.LUZ MARIA GORDON ALVAREZ,LENG. Y COM. I
VIERNES,7:50-8:40,1°G,KATYA ITZEL MARIN AGUILAR,PENS. MATE I
LUNES,8:40-9:30,1°G,KATYA ITZEL MARIN AGUILAR,PENS. MATE I
MARTES,8:40-9:30,1°G,LIC.LUZ MARIA GORDON ALVAREZ,LENG. Y COM. I
MIERCOLES,8:40-9:30,1°G,RUBEN DARIO JACOME DE LOS SANTOS,INGLES I
JUEVES,8:40-9:30,1°G,RUBEN DARIO JACOME DE LOS SANTOS,INGLES I
VIERNES,8:40-9:30,1°G,QFB. ROSA VELIA CRUZ MORENO,FSE I
LUNES,9:30-9:50,1°G,SIN ASIGNAR,R        E        C        E       S       O
LUNES,9:50-10:40,1°G,LIC.NOE GOMEZ AULIS,CULT. DIGT. I PS1 1G
MARTES,9:50-10:40,1°G,LIC.LUZ MARIA GORDON ALVAREZ,LENG. Y COM. I
MIERCOLES,9:50-10:40,1°G,RUBEN DARIO JACOME DE LOS SANTOS,INGLES I
JUEVES,9:50-10:40,1°G,KATYA ITZEL MARIN AGUILAR,PENS. FIL. HUM I
VIERNES,9:50-10:40,1°G,KATYA ITZEL MARIN AGUILAR,PENS. FIL. HUM I
LUNES,10:40-11:30,1°G,LIC.NOE GOMEZ AULIS,CULT. DIGT. I PS1 1G
MARTES,10:40-11:30,1°G,KATYA ITZEL MARIN AGUILAR,LA MAT. Y SUS INT.
MIERCOLES,10:40-11:30,1°G,LAURA AMALINALLI GONZALEZ DUARTE,C. SOCIALES I
JUEVES,10:40-11:30,1°G,LAURA AMALINALLI GONZALEZ DUARTE,C. SOCIALES I
VIERNES,10:40-11:30,1°G,KATYA ITZEL MARIN AGUILAR,PENS. FIL. HUM I
MARTES,11:30-12:20,1°G,KATYA ITZEL MARIN AGUILAR,PENS. MATE I
MIERCOLES,11:30-12:20,1°G,KATYA ITZEL MARIN AGUILAR,PENS. FIL. HUM I
JUEVES,11:30-12:20,1°G,LIC.NOE GOMEZ AULIS,CULT. DIG. I
VIERNES,11:30-12:20,1°G,KATYA ITZEL MARIN AGUILAR,LA MAT. Y SUS INT.
MARTES,7:00-7:50,1°H,NOE GOMEZ AULIS,CULT. DIG. I PS1
MIERCOLES,7:00-7:50,1°H,JOSÉ DE JESUS PEREZ CABRERA,EDUC. FISICA
JUEVES,7:00-7:50,1°H,KATYA ITZEL MARIN AGUILAR,PENS. MAT. 1
VIERNES,7:00-7:50,1°H,CRUZ DEL CARMEN MOLINA RODRIGUEZ,C. SOCIALES I
LUNES,7:50-8:40,1°H,RUBEN DARIO JACOME DE LOS SANTOS,INGLES I
MARTES,7:50-8:40,1°H,NOE GOMEZ AULIS,CULT. DIG. I PS1
MIERCOLES,7:50-8:40,1°H,JOSÉ DE JESUS PEREZ CABRERA,EDUC. FISICA
JUEVES,7:50-8:40,1°H,KATYA ITZEL MARIN AGUILAR,PENS. MAT. 1
VIERNES,7:50-8:40,1°H,CRUZ DEL CARMEN MOLINA RODRIGUEZ,C. SOCIALES I
LUNES,8:40-9:30,1°H,RUBEN DARIO JACOME DE LOS SANTOS,INGLES I
MARTES,8:40-9:30,1°H,RUBEN DARIO JACOME DE LOS SANTOS,INGLES I
MIERCOLES,8:40-9:30,1°H,KATYA ITZEL MARIN AGUILAR,PENS. FIL. HUM. I
JUEVES,8:40-9:30,1°H,NOE GOMEZ AULIS,CULT. DIG. I
VIERNES,8:40-9:30,1°H,KATYA ITZEL MARIN AGUILAR,PENS. FIL. HUM. I
LUNES,9:30-9:50,1°H,SIN ASIGNAR,R        E        C        E       S       O
LUNES,9:50-10:40,1°H,KATYA ITZEL MARIN AGUILAR,LA MAT. Y SUS INT.
MARTES,9:50-10:40,1°H,VERONICA GUTIERREZ ANTONIO,FSE I
MIERCOLES,9:50-10:40,1°H,KATYA ITZEL MARIN AGUILAR,PENS. MAT. 1
JUEVES,9:50-10:40,1°H,KATYA ITZEL MARIN AGUILAR,PENS. FIL. HUM. I
VIERNES,9:50-10:40,1°H,LIC.LUZ MARIA GORDON ALVAREZ,LENG. Y COM. I
LUNES,10:40-11:30,1°H,LIC.LUZ MARIA GORDON ALVAREZ,LENG. Y COM. I
MARTES,10:40-11:30,1°H,KATYA ITZEL MARIN AGUILAR,PENS. MAT. 1
MIERCOLES,10:40-11:30,1°H,NOE GOMEZ AULIS,LA MAT. Y SUS INT. PLQ
JUEVES,10:40-11:30,1°H,KATYA ITZEL MARIN AGUILAR,PENS. FIL. HUM. I
LUNES,11:30-12:20,1°H,LIC.LUZ MARIA GORDON ALVAREZ,LENG. Y COM. I
MARTES,11:30-12:20,1°H,KATYA ITZEL MARIN AGUILAR,LA MAT. Y SUS INT.
MIERCOLES,11:30-12:20,1°H,NOE GOMEZ AULIS,LA MAT. Y SUS INT. PLQ
MIERCOLES,7:00-7:50,1°K,JOSÉ DE JESUS PEREZ CABRERA,EDUC. FISICA
JUEVES,7:00-7:50,1°K,RUBEN DARIO JACOME DE LOS SANTOS,INGLES I
VIERNES,7:00-7:50,1°K,NOE GOMEZ AULIS,LA MAT. Y SUS INT. PLQ
LUNES,7:50-8:40,1°K,CRUZ DEL CARMEN MOLINA RODRIGUEZ,C. SOCIALES I
MARTES,7:50-8:40,1°K,KATYA ITZEL MARIN AGUILAR,PENS. MATE. I
MIERCOLES,7:50-8:40,1°K,JOSÉ DE JESUS PEREZ CABRERA,EDUC. FISICA
JUEVES,7:50-8:40,1°K,RUBEN DARIO JACOME DE LOS SANTOS,INGLES I
VIERNES,7:50-8:40,1°K,NOE GOMEZ AULIS,LA MAT. Y SUS INT. PLQ
LUNES,8:40-9:30,1°K,CRUZ DEL CARMEN MOLINA RODRIGUEZ,C. SOCIALES I
MARTES,8:40-9:30,1°K,KATYA ITZEL MARIN AGUILAR,PENS. MATE. I
MIERCOLES,8:40-9:30,1°K,NOE GOMEZ AULIS,CULT. DIG. I PS1
JUEVES,8:40-9:30,1°K,KATYA ITZEL MARIN AGUILAR,PENS. MATE. I
VIERNES,8:40-9:30,1°K,KATYA ITZEL MARIN AGUILAR,PENS. MATE. I
LUNES,9:30-9:50,1°K,SIN ASIGNAR,R        E        C        E       S       O
LUNES,9:50-10:40,1°K,KATYA ITZEL MARIN AGUILAR,PENS. FIL. HUM. I
MARTES,9:50-10:40,1°K,NOE GOMEZ AULIS,FSE I
MIERCOLES,9:50-10:40,1°K,NOE GOMEZ AULIS,CULT. DIG. I PS1
JUEVES,9:50-10:40,1°K,LIC.LUZ MARIA GORDON ALVAREZ,LENG. Y COM. I
VIERNES,9:50-10:40,1°K,RUBEN DARIO JACOME DE LOS SANTOS,INGLES I
LUNES,10:40-11:30,1°K,KATYA ITZEL MARIN AGUILAR,PENS. FIL. HUM. I
MARTES,10:40-11:30,1°K,LIC.LUZ MARIA GORDON ALVAREZ,LENG. Y COM. I
MIERCOLES,10:40-11:30,1°K,KATYA ITZEL MARIN AGUILAR,PENS. FIL. HUM. I
JUEVES,10:40-11:30,1°K,KATYA ITZEL MARIN AGUILAR,LA MAT. Y SUS INT.
VIERNES,10:40-11:30,1°K,NOE GOMEZ AULIS,CULT. DIG. I
MARTES,11:30-12:20,1°K,LIC.LUZ MARIA GORDON ALVAREZ,LENG. Y COM. I
MIERCOLES,11:30-12:20,1°K,KATYA ITZEL MARIN AGUILAR,PENS. FIL. HUM. I
JUEVES,11:30-12:20,1°K,KATYA ITZEL MARIN AGUILAR,LA MAT. Y SUS INT.
MARTES,7:00-7:50,1°L,KATYA ITZEL MARIN AGUILAR,LA MAT. Y SUS INT PLQ
VIERNES,7:00-7:50,1°L,VERONICA GUADALUPE FABIAN ORTEGA,INGLES I
LUNES,7:50-8:40,1°L,RUBY ANGELA JIMENEZ GOMEZ,LENG. Y COM. I
MARTES,7:50-8:40,1°L,KATYA ITZEL MARIN AGUILAR,LA MAT. Y SUS INT PLQ
MIERCOLES,7:50-8:40,1°L,KATYA ITZEL MARIN AGUILAR,PENS. MAT. I
JUEVES,7:50-8:40,1°L,JOSÉ DE JESUS PEREZ CABRERA,EDUC. FISICA
VIERNES,7:50-8:40,1°L,VERONICA GUADALUPE FABIAN ORTEGA,INGLES I
LUNES,8:40-9:30,1°L,RUBY ANGELA JIMENEZ GOMEZ,LENG. Y COM. I
MARTES,8:40-9:30,1°L,LAURA AMALINALLI GONZALEZ DUARTE,C. SOCIALES I
MIERCOLES,8:40-9:30,1°L,KATYA ITZEL MARIN AGUILAR,PENS. MAT. I
JUEVES,8:40-9:30,1°L,JOSÉ DE JESUS PEREZ CABRERA,EDUC. FISICA
VIERNES,8:40-9:30,1°L,ROSA MARIA OTERO DE LA CRUZ,FSE I
LUNES,9:30-9:50,1°L,SIN ASIGNAR,R        E        C        E       S       O
LUNES,9:50-10:40,1°L,KATYA ITZEL MARIN AGUILAR,PENS. FIL. HUM. I
MARTES,9:50-10:40,1°L,KATYA ITZEL MARIN AGUILAR,PENS. FIL. HUM. I
MIERCOLES,9:50-10:40,1°L,VERONICA GUADALUPE FABIAN ORTEGA,INGLES I
JUEVES,9:50-10:40,1°L,NOE GOMEZ AULIS,CULT. DIG. I
VIERNES,9:50-10:40,1°L,RUBY ANGELA JIMENEZ GOMEZ,LENG. Y COM. I
LUNES,10:40-11:30,1°L,KATYA ITZEL MARIN AGUILAR,PENS. FIL. HUM. I
MARTES,10:40-11:30,1°L,NOE GOMEZ AULIS,CULT. DIG. I PS1
MIERCOLES,10:40-11:30,1°L,KATYA ITZEL MARIN AGUILAR,PENS. FIL. HUM. I
JUEVES,10:40-11:30,1°L,KATYA ITZEL MARIN AGUILAR,PENS. MAT. I
VIERNES,10:40-11:30,1°L,KATYA ITZEL MARIN AGUILAR,LA MAT. Y SUS INT
LUNES,11:30-12:20,1°L,KATYA ITZEL MARIN AGUILAR,LA MAT. Y SUS INT
MARTES,11:30-12:20,1°L,NOE GOMEZ AULIS,CULT. DIG. I PS1
MIERCOLES,11:30-12:20,1°L,LAURA AMALINALLI GONZALEZ DUARTE,C. SOCIALES I
JUEVES,11:30-12:20,1°L,KATYA ITZEL MARIN AGUILAR,PENS. MAT. I
MARTES,7:00-7:50,1°M,CRUZ DEL CARMEN MOLINA RODRIGUEZ,C. SOCIALES I
MIERCOLES,7:00-7:50,1°M,KATYA ITZEL MARIN AGUILAR,PENS. MATE I
LUNES,7:50-8:40,1°M,NOE GOMEZ AULIS,CULT. DIG. I PS1
MARTES,7:50-8:40,1°M,CRUZ DEL CARMEN MOLINA RODRIGUEZ,C. SOCIALES I
MIERCOLES,7:50-8:40,1°M,CRUZ DEL CARMEN MOLINA RODRIGUEZ,FSE I
JUEVES,7:50-8:40,1°M,JOSÉ DE JESUS PEREZ CABRERA,EDUC. FISICA
VIERNES,7:50-8:40,1°M,EMMA TORRES CRUZ,LENG Y COM I
LUNES,8:40-9:30,1°M,NOE GOMEZ AULIS,CULT. DIG. I PS1
MARTES,8:40-9:30,1°M,VERONICA GUADALUPE FABIAN ORTEGA,INGLES I
MIERCOLES,8:40-9:30,1°M,KATYA ITZEL MARIN AGUILAR,PENS. FIL. HUM I
JUEVES,8:40-9:30,1°M,JOSÉ DE JESUS PEREZ CABRERA,EDUC. FISICA
VIERNES,8:40-9:30,1°M,KATYA ITZEL MARIN AGUILAR,PENS. FIL. HUM I
LUNES,9:30-9:50,1°M,SIN ASIGNAR,R        E        C        E       S       O
LUNES,9:50-10:40,1°M,VERONICA GUADALUPE FABIAN ORTEGA,INGLES I
MARTES,9:50-10:40,1°M,VERONICA GUADALUPE FABIAN ORTEGA,INGLES I
MIERCOLES,9:50-10:40,1°M,KATYA ITZEL MARIN AGUILAR,PENS. FIL. HUM I
JUEVES,9:50-10:40,1°M,EMMA TORRES CRUZ,LENG Y COM I
VIERNES,9:50-10:40,1°M,KATYA ITZEL MARIN AGUILAR,PENS. MATE I
LUNES,10:40-11:30,1°M,KATYA ITZEL MARIN AGUILAR,PENS. MATE I
MIERCOLES,10:40-11:30,1°M,KATYA ITZEL MARIN AGUILAR,LA MAT. Y SUS INT
JUEVES,10:40-11:30,1°M,EMMA TORRES CRUZ,LENG Y COM I
VIERNES,10:40-11:30,1°M,KATYA ITZEL MARIN AGUILAR,LA MAT. Y SUS INT PLQ
LUNES,11:30-12:20,1°M,KATYA ITZEL MARIN AGUILAR,PENS. MATE I
MIERCOLES,11:30-12:20,1°M,KATYA ITZEL MARIN AGUILAR,LA MAT. Y SUS INT
JUEVES,11:30-12:20,1°M,KATYA ITZEL MARIN AGUILAR,PENS. FIL. HUM I
VIERNES,11:30-12:20,1°M,KATYA ITZEL MARIN AGUILAR,LA MAT. Y SUS INT PLQ
MIERCOLES,12:20-13:10,1°M,NOE GOMEZ AULIS,CULT. DIG. I
LUNES,7:00-7:50,1°P,VERONICA GUADALUPE FABIAN ORTEGA,INGLES I
MIERCOLES,7:00-7:50,1°P,VERONICA GUADALUPE FABIAN ORTEGA,INGLES I
JUEVES,7:00-7:50,1°P,CRUZ DEL CARMEN MOLINA RODRIGUEZ,C. SOCIALES I
VIERNES,7:00-7:50,1°P,EMMA TORRES CRUZ,LENG. Y COM I
LUNES,7:50-8:40,1°P,MIROSLAVA MANZO ALVAREZ,PENS. FIL. HUM. I
MARTES,7:50-8:40,1°P,MIROSLAVA MANZO ALVAREZ,PENS. FIL. HUM. I
MIERCOLES,7:50-8:40,1°P,NOE GOMEZ AULIS,CULT. DIG. I PS1
JUEVES,7:50-8:40,1°P,CRUZ DEL CARMEN MOLINA RODRIGUEZ,C. SOCIALES I
VIERNES,7:50-8:40,1°P,JOSÉ DE JESUS PEREZ CABRERA,EDUC. FISICA
LUNES,8:40-9:30,1°P,MIROSLAVA MANZO ALVAREZ,PENS. MATE I
MARTES,8:40-9:30,1°P,MIROSLAVA MANZO ALVAREZ,PENS. FIL. HUM. I
MIERCOLES,8:40-9:30,1°P,EMMA TORRES CRUZ,LENG. Y COM I
JUEVES,8:40-9:30,1°P,VERONICA GUADALUPE FABIAN ORTEGA,INGLES I
VIERNES,8:40-9:30,1°P,JOSÉ DE JESUS PEREZ CABRERA,EDUC. FISICA
LUNES,9:30-9:50,1°P,SIN ASIGNAR,R        E        C        E       S       O
LUNES,9:50-10:40,1°P,MIROSLAVA MANZO ALVAREZ,PENS. MATE I
MARTES,9:50-10:40,1°P,IVÁN MONTEJO MAY,FSE I
MIERCOLES,9:50-10:40,1°P,EMMA TORRES CRUZ,LENG. Y COM I
JUEVES,9:50-10:40,1°P,MIROSLAVA MANZO ALVAREZ,PENS. MATE I
VIERNES,9:50-10:40,1°P,NOE GOMEZ AULIS,CULT. DIG. I PS1
LUNES,10:40-11:30,1°P,MIROSLAVA MANZO ALVAREZ,LA MAT. Y SUS INT PLQ
MARTES,10:40-11:30,1°P,MIROSLAVA MANZO ALVAREZ,LA MAT. Y SUS INT
MIERCOLES,10:40-11:30,1°P,MIROSLAVA MANZO ALVAREZ,PENS. MATE I
LUNES,11:30-12:20,1°P,MIROSLAVA MANZO ALVAREZ,LA MAT. Y SUS INT PLQ
MARTES,11:30-12:20,1°P,MIROSLAVA MANZO ALVAREZ,LA MAT. Y SUS INT
MIERCOLES,11:30-12:20,1°P,MIROSLAVA MANZO ALVAREZ,PENS. FIL. HUM. I
LUNES,12:20-13:10,1°P,NOE GOMEZ AULIS,CULT. DIG. I
MARTES,7:00-7:50,3°A,ANA LAURA PEREZ VICENTE,MOD. II SUB I
MIERCOLES,7:00-7:50,3°A,ANA LAURA PEREZ VICENTE,MOD. II SUB I
JUEVES,7:00-7:50,3°A,DAMARIS ABILENE CARRILLO MARRUFO,INGLES III
VIERNES,7:00-7:50,3°A,ANA LAURA PEREZ VICENTE,MOD. II SUB I
LUNES,7:50-8:40,3°A,CONCEPCION MENDEZ MARTINEZ,PENS.FIL. HUM II
MARTES,7:50-8:40,3°A,ANA LAURA PEREZ VICENTE,MOD. II SUB I
MIERCOLES,7:50-8:40,3°A,ANA LAURA PEREZ VICENTE,MOD. II SUB I
JUEVES,7:50-8:40,3°A,DAMARIS ABILENE CARRILLO MARRUFO,INGLES III
VIERNES,7:50-8:40,3°A,ANA LAURA PEREZ VICENTE,MOD. II SUB I
LUNES,8:40-9:30,3°A,ANA LAURA PEREZ VICENTE,MOD. II SUB I
MARTES,8:40-9:30,3°A,ANA LAURA PEREZ VICENTE,MOD. II SUB I
MIERCOLES,8:40-9:30,3°A,CONCEPCION MENDEZ MARTINEZ,PENS.FIL. HUM II
JUEVES,8:40-9:30,3°A,EMMA TORRES CRUZ,LENG Y COM III
VIERNES,8:40-9:30,3°A,DAMARIS ABILENE CARRILLO MARRUFO,INGLES III
LUNES,9:30-9:50,3°A,SIN ASIGNAR,R        E        C        E       S       O
LUNES,9:50-10:40,3°A,CECILIA HERNANDEZ ROSADO,MOD. II SUB II
MARTES,9:50-10:40,3°A,CECILIA HERNANDEZ ROSADO,MOD. II SUB II
MIERCOLES,9:50-10:40,3°A,CECILIA HERNANDEZ ROSADO,MOD. II SUB II
JUEVES,9:50-10:40,3°A,CONCEPCION MENDEZ MARTINEZ,PENS.FIL. HUM II
VIERNES,9:50-10:40,3°A,ANA LAURA PEREZ VICENTE,FSE III
LUNES,10:40-11:30,3°A,CECILIA HERNANDEZ ROSADO,MOD. II SUB II
MARTES,10:40-11:30,3°A,CONCEPCION MENDEZ MARTINEZ,PENS.FIL. HUM II
MIERCOLES,10:40-11:30,3°A,CECILIA HERNANDEZ ROSADO,MOD. II SUB II
JUEVES,10:40-11:30,3°A,CECILIA HERNANDEZ ROSADO,MOD. II SUB II
VIERNES,10:40-11:30,3°A,DRA. AMPARO CONTRERAS GUTIERREZ,CNEYT III
LUNES,11:30-12:20,3°A,DRA. AMPARO CONTRERAS GUTIERREZ,CNEYT III PLB
MARTES,11:30-12:20,3°A,CONCEPCION MENDEZ MARTINEZ,PENS.FIL. HUM II
MIERCOLES,11:30-12:20,3°A,ALFREDO CARRASCO FRANCISCO,PENS. MATE. III
JUEVES,11:30-12:20,3°A,CECILIA HERNANDEZ ROSADO,MOD. II SUB II
VIERNES,11:30-12:20,3°A,DRA. AMPARO CONTRERAS GUTIERREZ,CNEYT III
LUNES,12:20-13:10,3°A,DRA. AMPARO CONTRERAS GUTIERREZ,CNEYT III PLB
MARTES,12:20-13:10,3°A,ALFREDO CARRASCO FRANCISCO,PENS. MATE. III
MIERCOLES,12:20-13:10,3°A,ALFREDO CARRASCO FRANCISCO,PENS. MATE. III
JUEVES,12:20-13:10,3°A,ALFREDO CARRASCO FRANCISCO,PENS. MATE. III
VIERNES,12:20-13:10,3°A,EMMA TORRES CRUZ,LENG Y COM III
LUNES,7:00-7:50,3°B,DAMARIS ABILENE CARRILLO MARRUFO,INGLES III
MARTES,7:00-7:50,3°B,CONCEPCION MENDEZ MARTINEZ,PENS. FIL. HUM. II
MIERCOLES,7:00-7:50,3°B,CECILIA HERNANDEZ ROSADO,MOD. II SUB II
JUEVES,7:00-7:50,3°B,ALFREDO CARRASCO FRANCISCO,C. NAT. Y EXP. III PLB
LUNES,7:50-8:40,3°B,DAMARIS ABILENE CARRILLO MARRUFO,INGLES III
MARTES,7:50-8:40,3°B,CONCEPCION MENDEZ MARTINEZ,PENS. FIL. HUM. II
MIERCOLES,7:50-8:40,3°B,CECILIA HERNANDEZ ROSADO,MOD. II SUB II
JUEVES,7:50-8:40,3°B,ALFREDO CARRASCO FRANCISCO,C. NAT. Y EXP. III PLB
VIERNES,7:50-8:40,3°B,CECILIA HERNANDEZ ROSADO,MOD. II SUB II
LUNES,8:40-9:30,3°B,ALFREDO CARRASCO FRANCISCO,PENS. MATE. III
MARTES,8:40-9:30,3°B,CONCEPCION MENDEZ MARTINEZ,FSE III
MIERCOLES,8:40-9:30,3°B,CESIA DE LOS ANGELES VELAZQUEZ JIMENEZ,MOD. II SUB I
JUEVES,8:40-9:30,3°B,ALFREDO CARRASCO FRANCISCO,PENS. MATE. III
VIERNES,8:40-9:30,3°B,CECILIA HERNANDEZ ROSADO,MOD. II SUB II
LUNES,9:30-9:50,3°B,SIN ASIGNAR,R        E        C        E       S       O
LUNES,9:50-10:40,3°B,ALFREDO CARRASCO FRANCISCO,PENS. MATE. III
MARTES,9:50-10:40,3°B,CESIA DE LOS ANGELES VELAZQUEZ JIMENEZ,MOD. II SUB I
MIERCOLES,9:50-10:40,3°B,CESIA DE LOS ANGELES VELAZQUEZ JIMENEZ,MOD. II SUB I
JUEVES,9:50-10:40,3°B,DAMARIS ABILENE CARRILLO MARRUFO,INGLES III
VIERNES,9:50-10:40,3°B,EMMA TORRES CRUZ,LENG. Y COM. III
LUNES,10:40-11:30,3°B,ALFREDO CARRASCO FRANCISCO,C. NAT. Y EXP. III
MARTES,10:40-11:30,3°B,CESIA DE LOS ANGELES VELAZQUEZ JIMENEZ,MOD. II SUB I
MIERCOLES,10:40-11:30,3°B,ALFREDO CARRASCO FRANCISCO,PENS. MATE. III
JUEVES,10:40-11:30,3°B,CONCEPCION MENDEZ MARTINEZ,PENS. FIL. HUM. II
VIERNES,10:40-11:30,3°B,EMMA TORRES CRUZ,LENG. Y COM. III
LUNES,11:30-12:20,3°B,CECILIA HERNANDEZ ROSADO,MOD. II SUB II
MARTES,11:30-12:20,3°B,CESIA DE LOS ANGELES VELAZQUEZ JIMENEZ,MOD. II SUB I
MIERCOLES,11:30-12:20,3°B,EMMA TORRES CRUZ,LENG. Y COM. III
JUEVES,11:30-12:20,3°B,CONCEPCION MENDEZ MARTINEZ,PENS. FIL. HUM. II
VIERNES,11:30-12:20,3°B,CESIA DE LOS ANGELES VELAZQUEZ JIMENEZ,MOD. II SUB I
LUNES,12:20-13:10,3°B,CECILIA HERNANDEZ ROSADO,MOD. II SUB II
MARTES,12:20-13:10,3°B,CECILIA HERNANDEZ ROSADO,MOD. II SUB II
MIERCOLES,12:20-13:10,3°B,ALFREDO CARRASCO FRANCISCO,C. NAT. Y EXP. III
JUEVES,12:20-13:10,3°B,CESIA DE LOS ANGELES VELAZQUEZ JIMENEZ,MOD. II SUB I
VIERNES,12:20-13:10,3°B,CESIA DE LOS ANGELES VELAZQUEZ JIMENEZ,MOD. II SUB I
LUNES,7:00-7:50,3°C,DRA. RAQUEL CRUZ VILLALOBOS,MOD. II SUB II
MARTES,7:00-7:50,3°C,DRA. RAQUEL CRUZ VILLALOBOS,MOD. II SUB II
MIERCOLES,7:00-7:50,3°C,DRA. AMPARO CONTRERAS GUTIERREZ,CNTYE III
JUEVES,7:00-7:50,3°C,DRA. RAQUEL CRUZ VILLALOBOS,MOD. II SUB I
VIERNES,7:00-7:50,3°C,DRA. RAQUEL CRUZ VILLALOBOS,MOD. II SUB I
LUNES,7:50-8:40,3°C,DRA. RAQUEL CRUZ VILLALOBOS,MOD. II SUB II
MARTES,7:50-8:40,3°C,DRA. RAQUEL CRUZ VILLALOBOS,MOD. II SUB II
MIERCOLES,7:50-8:40,3°C,DRA. RAQUEL CRUZ VILLALOBOS,MOD. II SUB I
JUEVES,7:50-8:40,3°C,DRA. RAQUEL CRUZ VILLALOBOS,MOD. II SUB I
VIERNES,7:50-8:40,3°C,DRA. RAQUEL CRUZ VILLALOBOS,MOD. II SUB I
LUNES,8:40-9:30,3°C,DRA. AMPARO CONTRERAS GUTIERREZ,CNTYE III PLB
MARTES,8:40-9:30,3°C,DAMARIS ABILENE CARRILLO MARRUFO,INGLES III
MIERCOLES,8:40-9:30,3°C,DRA. RAQUEL CRUZ VILLALOBOS,MOD. II SUB II
JUEVES,8:40-9:30,3°C,DAMARIS ABILENE CARRILLO MARRUFO,INGLES III
VIERNES,8:40-9:30,3°C,ALFREDO CARRASCO FRANCISCO,PENS. MAT. III
LUNES,9:30-9:50,3°C,SIN ASIGNAR,R        E        C        E       S       O
LUNES,9:50-10:40,3°C,DRA. AMPARO CONTRERAS GUTIERREZ,CNTYE III PLB
MARTES,9:50-10:40,3°C,DAMARIS ABILENE CARRILLO MARRUFO,INGLES III
MIERCOLES,9:50-10:40,3°C,SHAMIRA LIZZETTE CAMPOS AGUILAR,MOD II SUB III
JUEVES,9:50-10:40,3°C,CECILIA HERNANDEZ ROSADO,FSE III
VIERNES,9:50-10:40,3°C,ALFREDO CARRASCO FRANCISCO,PENS. MAT. III
LUNES,10:40-11:30,3°C,ALFREDO CARRASCO FRANCISCO,PENS. MAT. III
MARTES,10:40-11:30,3°C,ALFREDO CARRASCO FRANCISCO,PENS. MAT. III
MIERCOLES,10:40-11:30,3°C,SHAMIRA LIZZETTE CAMPOS AGUILAR,MOD II SUB III
JUEVES,10:40-11:30,3°C,SHAMIRA LIZZETTE CAMPOS AGUILAR,MOD II SUB III
VIERNES,10:40-11:30,3°C,CONCEPCION MENDEZ MARTINEZ,PENS FIL. HUM II
LUNES,11:30-12:20,3°C,CARMEN IVONE RAMOS SUÁREZ,LENG. Y COM. III
MARTES,11:30-12:20,3°C,SHAMIRA LIZZETTE CAMPOS AGUILAR,MOD II SUB III
MIERCOLES,11:30-12:20,3°C,CONCEPCION MENDEZ MARTINEZ,PENS FIL. HUM II
JUEVES,11:30-12:20,3°C,CARMEN IVONE RAMOS SUÁREZ,LENG. Y COM. III
VIERNES,11:30-12:20,3°C,SHAMIRA LIZZETTE CAMPOS AGUILAR,MOD II SUB III
LUNES,12:20-13:10,3°C,CARMEN IVONE RAMOS SUÁREZ,LENG. Y COM. III
MARTES,12:20-13:10,3°C,DRA. AMPARO CONTRERAS GUTIERREZ,CNTYE III
MIERCOLES,12:20-13:10,3°C,CONCEPCION MENDEZ MARTINEZ,PENS FIL. HUM II
JUEVES,12:20-13:10,3°C,CONCEPCION MENDEZ MARTINEZ,PENS FIL. HUM II
LUNES,7:00-7:50,3°G,EMMA TORRES CRUZ,LENG. Y COM. III
MARTES,7:00-7:50,3°G,QFB. ROSA VELIA CRUZ MORENO,CNTYE III PLB
MIERCOLES,7:00-7:50,3°G,NUT. RUDY MENDOZA RAMIREZ,MOD. II SUB. IIIPLG
JUEVES,7:00-7:50,3°G,EMMA TORRES CRUZ,LENG. Y COM. III
VIERNES,7:00-7:50,3°G,NUT. RUDY MENDOZA RAMIREZ,MOD. II SUB. III
LUNES,7:50-8:40,3°G,VIANEY AGUILERA CRUZ,MOD. II SUB I
MARTES,7:50-8:40,3°G,QFB. ROSA VELIA CRUZ MORENO,CNTYE III PLB
MIERCOLES,7:50-8:40,3°G,NUT. RUDY MENDOZA RAMIREZ,MOD. II SUB. IIIPLG
JUEVES,7:50-8:40,3°G,LIC.RUBY ANGELA JIMENEZ GOMEZ,INGLES III
VIERNES,7:50-8:40,3°G,NUT. RUDY MENDOZA RAMIREZ,MOD. II SUB. III
LUNES,8:40-9:30,3°G,VIANEY AGUILERA CRUZ,MOD. II SUB I
MARTES,8:40-9:30,3°G,VIANEY AGUILERA CRUZ,MOD. II SUB I
MIERCOLES,8:40-9:30,3°G,NUT. RUDY MENDOZA RAMIREZ,MOD. II SUB. IIIPLG
JUEVES,8:40-9:30,3°G,LIC.RUBY ANGELA JIMENEZ GOMEZ,INGLES III
VIERNES,8:40-9:30,3°G,VIANEY AGUILERA CRUZ,MOD. II SUB I
LUNES,9:30-9:50,3°G,SIN ASIGNAR,R        E        C        E       S       O
LUNES,9:50-10:40,3°G,VIANEY AGUILERA CRUZ,MOD. II SUB II PLG
MARTES,9:50-10:40,3°G,ING.ALFREDO CARRASCO FRANCISCO,PENS. MAT. III
MIERCOLES,9:50-10:40,3°G,CONCEPCION MENDEZ MARTINEZ,PENS. FIL. HUM. II
JUEVES,9:50-10:40,3°G,NUT. RUDY MENDOZA RAMIREZ,MOD. II SUB. III
VIERNES,9:50-10:40,3°G,VIANEY AGUILERA CRUZ,MOD. II SUB I
LUNES,10:40-11:30,3°G,VIANEY AGUILERA CRUZ,MOD. II SUB II PLG
MARTES,10:40-11:30,3°G,LIC.RUBY ANGELA JIMENEZ GOMEZ,INGLES III
MIERCOLES,10:40-11:30,3°G,QFB. ROSA VELIA CRUZ MORENO,CNTYE III
JUEVES,10:40-11:30,3°G,ING.ALFREDO CARRASCO FRANCISCO,PENS. MAT. III
VIERNES,10:40-11:30,3°G,QFB. ROSA VELIA CRUZ MORENO,CNTYE III
LUNES,11:30-12:20,3°G,CONCEPCION MENDEZ MARTINEZ,PENS. FIL. HUM. II
MARTES,11:30-12:20,3°G,VIANEY AGUILERA CRUZ,MOD. II SUB II PLG
MIERCOLES,11:30-12:20,3°G,VIANEY AGUILERA CRUZ,MOD. II SUB II
JUEVES,11:30-12:20,3°G,ING.ALFREDO CARRASCO FRANCISCO,PENS. MAT. III
VIERNES,11:30-12:20,3°G,ING.ALFREDO CARRASCO FRANCISCO,PENS. MAT. III
LUNES,12:20-13:10,3°G,CONCEPCION MENDEZ MARTINEZ,PENS. FIL. HUM. II
MARTES,12:20-13:10,3°G,VIANEY AGUILERA CRUZ,MOD. II SUB II PLG
MIERCOLES,12:20-13:10,3°G,VIANEY AGUILERA CRUZ,MOD. II SUB II
JUEVES,12:20-13:10,3°G,JOSELIN CABRERA HERRERA,FSE III
VIERNES,12:20-13:10,3°G,CONCEPCION MENDEZ MARTINEZ,PENS. FIL. HUM. II
MARTES,7:00-7:50,3°H,LIC.RUBY ANGELA JIMENEZ GOMEZ,INGLES III
MIERCOLES,7:00-7:50,3°H,ING.ALFREDO CARRASCO FRANCISCO,PENS. MATE. III
JUEVES,7:00-7:50,3°H,NUT. RUDY MENDOZA RAMIREZ,MOD. II SUB III PLG
VIERNES,7:00-7:50,3°H,CONCEPCION MENDEZ MARTINEZ,PENS. FIL. HUM. II
LUNES,7:50-8:40,3°H,EMMA TORRES CRUZ,LENG. Y COM. III
MARTES,7:50-8:40,3°H,LIC.RUBY ANGELA JIMENEZ GOMEZ,INGLES III
MIERCOLES,7:50-8:40,3°H,ING.ALFREDO CARRASCO FRANCISCO,PENS. MATE. III
JUEVES,7:50-8:40,3°H,NUT. RUDY MENDOZA RAMIREZ,MOD. II SUB III PLG
VIERNES,7:50-8:40,3°H,CONCEPCION MENDEZ MARTINEZ,PENS. FIL. HUM. II
LUNES,8:40-9:30,3°H,EMMA TORRES CRUZ,LENG. Y COM. III
MARTES,8:40-9:30,3°H,ING.ALFREDO CARRASCO FRANCISCO,PENS. MATE. III
MIERCOLES,8:40-9:30,3°H,LIC.RUBY ANGELA JIMENEZ GOMEZ,INGLES III
JUEVES,8:40-9:30,3°H,NUT. RUDY MENDOZA RAMIREZ,MOD. II SUB III PLG
VIERNES,8:40-9:30,3°H,NUT. RUDY MENDOZA RAMIREZ,MOD. II SUB III
LUNES,9:30-9:50,3°H,SIN ASIGNAR,R        E        C        E       S       O
LUNES,9:50-10:40,3°H,CONCEPCION MENDEZ MARTINEZ,PENS. FIL. HUM. II
MARTES,9:50-10:40,3°H,LIC.VIANEY AGUILERA CRUZ,MOD. II SUB II PLG
MIERCOLES,9:50-10:40,3°H,LIC.VIANEY AGUILERA CRUZ,MOD II SUB II
JUEVES,9:50-10:40,3°H,ING.ALFREDO CARRASCO FRANCISCO,PENS. MATE. III
VIERNES,9:50-10:40,3°H,NUT. RUDY MENDOZA RAMIREZ,MOD. II SUB III
LUNES,10:40-11:30,3°H,CONCEPCION MENDEZ MARTINEZ,PENS. FIL. HUM. II
MARTES,10:40-11:30,3°H,LIC.VIANEY AGUILERA CRUZ,MOD. II SUB II PLG
MIERCOLES,10:40-11:30,3°H,NUT. RUDY MENDOZA RAMIREZ,MOD II SUB III
JUEVES,10:40-11:30,3°H,QFB. ROSA VELIA CRUZ MORENO,CNTYE III PLG
VIERNES,10:40-11:30,3°H,LIC.VIANEY AGUILERA CRUZ,MOD II SUB II PLG
LUNES,11:30-12:20,3°H,EMMA TORRES CRUZ,LENG. Y COM. III
MARTES,11:30-12:20,3°H,QFB. ROSA VELIA CRUZ MORENO,CNTYE III
MIERCOLES,11:30-12:20,3°H,QFB. ROSA VELIA CRUZ MORENO,CNTYE III
JUEVES,11:30-12:20,3°H,QFB. ROSA VELIA CRUZ MORENO,CNTYE III PLG
VIERNES,11:30-12:20,3°H,LIC.VIANEY AGUILERA CRUZ,MOD II SUB II PLG
LUNES,12:20-13:10,3°H,ALMA ALEJANDRA CRUZ ALVARADO,MOD. II SUB I
MARTES,12:20-13:10,3°H,ALMA ALEJANDRA CRUZ ALVARADO,MOD. II SUB I
MIERCOLES,12:20-13:10,3°H,ALMA ALEJANDRA CRUZ ALVARADO,MOD. II SUB I
JUEVES,12:20-13:10,3°H,ALMA ALEJANDRA CRUZ ALVARADO,MOD. II SUB I
VIERNES,12:20-13:10,3°H,ALMA ALEJANDRA CRUZ ALVARADO,MOD. II SUB I
LUNES,7:00-7:50,3°K,TOMAS HERNANDEZ MEDINA,MOD. II SUB II PS3
MIERCOLES,7:00-7:50,3°K,CONCEPCION MENDEZ MARTINEZ,PENS. FIL. HUM. II
JUEVES,7:00-7:50,3°K,RUBY ANGELA JIMENEZ GOMEZ,INGLES III
VIERNES,7:00-7:50,3°K,QFB. ROSA VELIA CRUZ MORENO,CNTYE III PLB
LUNES,7:50-8:40,3°K,TOMAS HERNANDEZ MEDINA,MOD. II SUB II PS3
MARTES,7:50-8:40,3°K,EMMA TORRES CRUZ,LENG. Y COM. III
MIERCOLES,7:50-8:40,3°K,CONCEPCION MENDEZ MARTINEZ,PENS. FIL. HUM. II
JUEVES,7:50-8:40,3°K,CONCEPCION MENDEZ MARTINEZ,PENS. FIL. HUM. II
VIERNES,7:50-8:40,3°K,QFB. ROSA VELIA CRUZ MORENO,CNTYE III PLB
LUNES,8:40-9:30,3°K,TOMAS HERNANDEZ MEDINA,MOD. II SUB II PS3
MARTES,8:40-9:30,3°K,EMMA TORRES CRUZ,LENG. Y COM. III
MIERCOLES,8:40-9:30,3°K,QFB. ROSA VELIA CRUZ MORENO,CNTYE III
JUEVES,8:40-9:30,3°K,CONCEPCION MENDEZ MARTINEZ,PENS. FIL. HUM. II
VIERNES,8:40-9:30,3°K,RUBY ANGELA JIMENEZ GOMEZ,INGLES III
LUNES,9:30-9:50,3°K,SIN ASIGNAR,R        E        C        E       S       O
LUNES,9:50-10:40,3°K,RUBY ANGELA JIMENEZ GOMEZ,INGLES III
MARTES,9:50-10:40,3°K,ING.SERGIO ARANDA PEREZ,PENS. MATE. III
MIERCOLES,9:50-10:40,3°K,QFB. ROSA VELIA CRUZ MORENO,CNTYE III
JUEVES,9:50-10:40,3°K,ADRIANA LUCIA GARCIA LOPEZ,FSE III
VIERNES,9:50-10:40,3°K,LIC.ARACELI DIAZ NOLASCO,MOD. II SUB. III PS2
LUNES,10:40-11:30,3°K,LIC.ARACELI DIAZ NOLASCO,MOD II SUB I
MARTES,10:40-11:30,3°K,TOMAS HERNANDEZ MEDINA,MOD. II SUB. II
MIERCOLES,10:40-11:30,3°K,ING.SERGIO ARANDA PEREZ,PENS. MATE. III
JUEVES,10:40-11:30,3°K,ING.SERGIO ARANDA PEREZ,PENS. MATE. III
VIERNES,10:40-11:30,3°K,LIC.ARACELI DIAZ NOLASCO,MOD. II SUB. III PS2
LUNES,11:30-12:20,3°K,ING.SERGIO ARANDA PEREZ,PENS. MATE. III
MARTES,11:30-12:20,3°K,LIC.ARACELI DIAZ NOLASCO,MOD. II SUB. III
MIERCOLES,11:30-12:20,3°K,LIC.ARACELI DIAZ NOLASCO,MOD II SUB I PS3
JUEVES,11:30-12:20,3°K,LIC.ARACELI DIAZ NOLASCO,MOD II SUB I PS3
VIERNES,11:30-12:20,3°K,TOMAS HERNANDEZ MEDINA,MOD. II SUB. II
LUNES,12:20-13:10,3°K,EMMA TORRES CRUZ,LENG. Y COM. III
MARTES,12:20-13:10,3°K,LIC.ARACELI DIAZ NOLASCO,MOD. II SUB. III
MIERCOLES,12:20-13:10,3°K,LIC.ARACELI DIAZ NOLASCO,MOD II SUB I PS3
JUEVES,12:20-13:10,3°K,LIC.ARACELI DIAZ NOLASCO,MOD II SUB I PS3
VIERNES,12:20-13:10,3°K,TOMAS HERNANDEZ MEDINA,MOD. II SUB. II
LUNES,7:00-7:50,3°L,DRA. AMPARO CONTRERAS GUTIERREZ,CNTYE III PLB
MARTES,7:00-7:50,3°L,TOMAS HERNANDEZ MEDINA,MOD. II SUB II PS3
MIERCOLES,7:00-7:50,3°L,EMMA TORRES CRUZ,LENG. Y COM. III
JUEVES,7:00-7:50,3°L,MARIANA PEREZ JOACHIN,PENS. FIL. HUM. II
VIERNES,7:00-7:50,3°L,MARIANA PEREZ JOACHIN,PENS. FIL. HUM. II
LUNES,7:50-8:40,3°L,DRA. AMPARO CONTRERAS GUTIERREZ,CNTYE III PLB
MARTES,7:50-8:40,3°L,TOMAS HERNANDEZ MEDINA,MOD. II SUB II PS3
MIERCOLES,7:50-8:40,3°L,EMMA TORRES CRUZ,LENG. Y COM. III
JUEVES,7:50-8:40,3°L,EMMA TORRES CRUZ,LENG. Y COM. III
VIERNES,7:50-8:40,3°L,MARIANA PEREZ JOACHIN,PENS. FIL. HUM. II
LUNES,8:40-9:30,3°L,ARACELI DIAZ NOLASCO,MOD II SUB III PS2
MARTES,8:40-9:30,3°L,TOMAS HERNANDEZ MEDINA,MOD. II SUB II PS3
MIERCOLES,8:40-9:30,3°L,ARACELI DIAZ NOLASCO,MOD. II SUB III
JUEVES,8:40-9:30,3°L,DRA. AMPARO CONTRERAS GUTIERREZ,CNTYE III
VIERNES,8:40-9:30,3°L,MARIANA PEREZ JOACHIN,PENS. FIL. HUM. II
LUNES,9:30-9:50,3°L,SIN ASIGNAR,R        E        C        E       S       O
LUNES,9:50-10:40,3°L,ARACELI DIAZ NOLASCO,MOD II SUB III PS2
MARTES,9:50-10:40,3°L,ARACELY DIAZ NOLASCO,MOD. II SUB I PS2
MIERCOLES,9:50-10:40,3°L,ARACELY DIAZ NOLASCO,MOD. II SUB. I PS2
JUEVES,9:50-10:40,3°L,DRA. AMPARO CONTRERAS GUTIERREZ,CNTYE III
VIERNES,9:50-10:40,3°L,TOMAS HERNANDEZ MEDINA,MOD. II SUB. II
LUNES,10:40-11:30,3°L,SERGIO ARANDA PEREZ,PENS. MATE. III
MARTES,10:40-11:30,3°L,ARACELY DIAZ NOLASCO,MOD. II SUB I PS2
MIERCOLES,10:40-11:30,3°L,ARACELY DIAZ NOLASCO,MOD. II SUB. I PS2
JUEVES,10:40-11:30,3°L,ARACELI DIAZ NOLASCO,MOD. II SUB III
VIERNES,10:40-11:30,3°L,RUBY ANGELA JIMENEZ GOMEZ,INGLES III
LUNES,11:30-12:20,3°L,RUBY ANGELA JIMENEZ GOMEZ,INGLES III
MARTES,11:30-12:20,3°L,SERGIO ARANDA PEREZ,PENS. MATE. III
MIERCOLES,11:30-12:20,3°L,TOMAS HERNANDEZ MEDINA,MOD. II SUB. II
JUEVES,11:30-12:20,3°L,TOMAS HERNANDEZ MEDINA,FSE III
VIERNES,11:30-12:20,3°L,ARACELY DIAZ NOLASCO,MOD. II SUB. I
LUNES,12:20-13:10,3°L,RUBY ANGELA JIMENEZ GOMEZ,INGLES III
MARTES,12:20-13:10,3°L,SERGIO ARANDA PEREZ,PENS. MATE. III
MIERCOLES,12:20-13:10,3°L,TOMAS HERNANDEZ MEDINA,MOD. II SUB. II
VIERNES,12:20-13:10,3°L,SERGIO ARANDA PEREZ,PENS. MATE. III
LUNES,7:00-7:50,3°M,GABRIEL MARTINEZ MARTINEZ,MOD II SUB I PS2
MIERCOLES,7:00-7:50,3°M,GABRIEL MARTINEZ MARTINEZ,MOD. II SUB II PS3
JUEVES,7:00-7:50,3°M,QFB. ROSA VELIA CRUZ MORENO,CNTYE III
VIERNES,7:00-7:50,3°M,GABRIEL MARTINEZ MARTINEZ,MOD. II SUB II
LUNES,7:50-8:40,3°M,GABRIEL MARTINEZ MARTINEZ,MOD II SUB I PS2
MARTES,7:50-8:40,3°M,ARACELI DIAZ NOLASCO,MOD. II SUB III PS2
MIERCOLES,7:50-8:40,3°M,GABRIEL MARTINEZ MARTINEZ,MOD. II SUB II PS3
JUEVES,7:50-8:40,3°M,QFB. ROSA VELIA CRUZ MORENO,CNTYE III
VIERNES,7:50-8:40,3°M,GABRIEL MARTINEZ MARTINEZ,MOD. II SUB II
LUNES,8:40-9:30,3°M,GABRIEL MARTINEZ MARTINEZ,MOD II SUB I
MARTES,8:40-9:30,3°M,ARACELI DIAZ NOLASCO,MOD. II SUB III PS2
MIERCOLES,8:40-9:30,3°M,GABRIEL MARTINEZ MARTINEZ,MOD. II SUB II PS3
JUEVES,8:40-9:30,3°M,JOSELIN CABRERA HERRERA,FSE III
VIERNES,8:40-9:30,3°M,GABRIEL MARTINEZ MARTINEZ,MOD. II SUB II
LUNES,9:30-9:50,3°M,SIN ASIGNAR,R        E        C        E       S       O
LUNES,9:50-10:40,3°M,EMMA TORRES CRUZ,LENG. Y COM. III
MARTES,9:50-10:40,3°M,RUBY ANGELA JIMENEZ GOMEZ,INGLES III
MIERCOLES,9:50-10:40,3°M,RUBY ANGELA JIMENEZ GOMEZ,INGLES III
JUEVES,9:50-10:40,3°M,GABRIEL MARTINEZ MARTINEZ,MOD II SUB I PS2
VIERNES,9:50-10:40,3°M,MARIANA PEREZ JOACHIN,PENS. FIL. HUM II
LUNES,10:40-11:30,3°M,EMMA TORRES CRUZ,LENG. Y COM. III
MARTES,10:40-11:30,3°M,SERGIO ARANDA PEREZ,PENS. MATE III
MIERCOLES,10:40-11:30,3°M,RUBY ANGELA JIMENEZ GOMEZ,INGLES III
JUEVES,10:40-11:30,3°M,GABRIEL MARTINEZ MARTINEZ,MOD II SUB I PS2
VIERNES,10:40-11:30,3°M,MARIANA PEREZ JOACHIN,PENS. FIL. HUM II
LUNES,11:30-12:20,3°M,ARACELI DIAZ NOLASCO,MOD. II SUB III
MARTES,11:30-12:20,3°M,MARIANA PEREZ JOACHIN,PENS. FIL. HUM II
MIERCOLES,11:30-12:20,3°M,SERGIO ARANDA PEREZ,PENS. MATE III
JUEVES,11:30-12:20,3°M,SERGIO ARANDA PEREZ,PENS. MATE III
VIERNES,11:30-12:20,3°M,QFB. ROSA VELIA CRUZ MORENO,CNTYE III PLB
LUNES,12:20-13:10,3°M,ARACELI DIAZ NOLASCO,MOD. II SUB III
MARTES,12:20-13:10,3°M,MARIANA PEREZ JOACHIN,PENS. FIL. HUM II
MIERCOLES,12:20-13:10,3°M,SERGIO ARANDA PEREZ,PENS. MATE III
JUEVES,12:20-13:10,3°M,EMMA TORRES CRUZ,LENG. Y COM. III
VIERNES,12:20-13:10,3°M,QFB. ROSA VELIA CRUZ MORENO,CNTYE III PLB
LUNES,7:00-7:50,3°P,ING.JOSE LEONEL SOTELO RAYGOZA,MOD. II SUB II PLS
MARTES,7:00-7:50,3°P,GUADALUPE LARA GONZALEZ,FSE III
MIERCOLES,7:00-7:50,3°P,DAMARIS ABILENE CARRILLO MARRUFO,INGLES III
VIERNES,7:00-7:50,3°P,ING.JOSE LEONEL SOTELO RAYGOZA,MOD. I SUB I
LUNES,7:50-8:40,3°P,ING.JOSE LEONEL SOTELO RAYGOZA,MOD. II SUB II PLS
MARTES,7:50-8:40,3°P,DAMARIS ABILENE CARRILLO MARRUFO,INGLES III
MIERCOLES,7:50-8:40,3°P,DAMARIS ABILENE CARRILLO MARRUFO,INGLES III
JUEVES,7:50-8:40,3°P,MARIANA PEREZ JOACHIN,PENS. FIL. HUM. II
VIERNES,7:50-8:40,3°P,ING.JOSE LEONEL SOTELO RAYGOZA,MOD. I SUB II PLS
LUNES,8:40-9:30,3°P,ING.JOSE LEONEL SOTELO RAYGOZA,MOD. II SUB II PLS
MARTES,8:40-9:30,3°P,ING.JOSE LEONEL SOTELO RAYGOZA,MOD. II SUB II
MIERCOLES,8:40-9:30,3°P,ING.JOSE LEONEL SOTELO RAYGOZA,MOD. II SUB I
JUEVES,8:40-9:30,3°P,MARIANA PEREZ JOACHIN,PEN. FIL. HUM. II
VIERNES,8:40-9:30,3°P,ING.JOSE LEONEL SOTELO RAYGOZA,MOD. I SUB II PLS
LUNES,9:30-9:50,3°P,SIN ASIGNAR,R        E        C        E       S       O
LUNES,9:50-10:40,3°P,ING.JOSE LEONEL SOTELO RAYGOZA,MOD. II SUB I PLS
MARTES,9:50-10:40,3°P,EMMA TORRES CRUZ,LENG. Y COM. III
MIERCOLES,9:50-10:40,3°P,ING.JOSE LEONEL SOTELO RAYGOZA,MOD. II SUB I
JUEVES,9:50-10:40,3°P,ING.JOSE LEONEL SOTELO RAYGOZA,MOD. II SUB II PLS
VIERNES,9:50-10:40,3°P,ING.JOSE LEONEL SOTELO RAYGOZA,MOD. I SUB I PLS
LUNES,10:40-11:30,3°P,ING.JOSE LEONEL SOTELO RAYGOZA,MOD. II SUB I PLS
MARTES,10:40-11:30,3°P,EMMA TORRES CRUZ,LENG. Y COM. III
MIERCOLES,10:40-11:30,3°P,EMMA TORRES CRUZ,LENG. Y COM. III
JUEVES,10:40-11:30,3°P,ING.JOSE LEONEL SOTELO RAYGOZA,MOD. II SUB II  PLS
VIERNES,10:40-11:30,3°P,ING.JOSE LEONEL SOTELO RAYGOZA,MOD. I SUB I PLS
LUNES,11:30-12:20,3°P,ALFREDO CARRASCO FRANCISCO,PENS. MATE. III
MARTES,11:30-12:20,3°P,ALFREDO CARRASCO FRANCISCO,PENS. MATE. III
MIERCOLES,11:30-12:20,3°P,MARIANA PEREZ JOACHIN,PEN. FIL. HUM. II
JUEVES,11:30-12:20,3°P,QFB. MARIELA JIMENEZ DESALES,CNTY E III PLB
VIERNES,11:30-12:20,3°P,MARIANA PEREZ JOACHIN,PEN. FIL. HUM. II
LUNES,12:20-13:10,3°P,ALFREDO CARRASCO FRANCISCO,PENS. MATE. III
MARTES,12:20-13:10,3°P,QFB. MARIELA JIMENEZ DESALES,CNTY E III
MIERCOLES,12:20-13:10,3°P,QFB. MARIELA JIMENEZ DESALES,CNTY E III
JUEVES,12:20-13:10,3°P,QFB. MARIELA JIMENEZ DESALES,CNTY E III PLB
VIERNES,12:20-13:10,3°P,ALFREDO CARRASCO FRANCISCO,PENS. MATE. III
LUNES,7:00-7:50,5° A,CP. MARCELINO GARCIA RAMON,MOD IV SUB I
MARTES,7:00-7:50,5° A,RUFINO SANTIAGO BETANZOS,TSM II
MIERCOLES,7:00-7:50,5° A,CP. MARCELINO GARCIA RAMON,MOD IV SUB I
JUEVES,7:00-7:50,5° A,RUFINO SANTIAGO BETANZOS,TSM II
LUNES,7:50-8:40,5° A,CP. MARCELINO GARCIA RAMON,MOD IV SUB I
MARTES,7:50-8:40,5° A,RUFINO SANTIAGO BETANZOS,TSM II
MIERCOLES,7:50-8:40,5° A,CP. MARCELINO GARCIA RAMON,MOD IV SUB I
JUEVES,7:50-8:40,5° A,RUFINO SANTIAGO BETANZOS,TSM II
VIERNES,7:50-8:40,5° A,MARIANA CAVAZOS EDDY,INGLES V
LUNES,8:40-9:30,5° A,DRA. RAQUEL CRUZ VILLALOBOS,ECON. PUB. SOC.
MARTES,8:40-9:30,5° A,DRA. RAQUEL CRUZ VILLALOBOS,ECON. PUB. SOC.
MIERCOLES,8:40-9:30,5° A,CP. MARCELINO GARCIA RAMON,MOD IV SUB I
JUEVES,8:40-9:30,5° A,CP. MARCELINO GARCIA RAMON,MOD IV SUB I
VIERNES,8:40-9:30,5° A,ANGEL MANUEL GUTIERREZ FIDENCIO,MOD IV SUB II
LUNES,9:30-9:50,5° A,SIN ASIGNAR,R        E        C        E       S       O
LUNES,9:50-10:40,5° A,JOSE ANDRES RAFAEL ALARCON LEAL,CONC. HIST I
MARTES,9:50-10:40,5° A,CP. MARCELINO GARCIA RAMON,MOD IV SUB I
MIERCOLES,9:50-10:40,5° A,DRA. RAQUEL CRUZ VILLALOBOS,ECON. PUB. SOC.
JUEVES,9:50-10:40,5° A,MARIANA CAVAZOS EDDY,INGLES V
VIERNES,9:50-10:40,5° A,ANGEL MANUEL GUTIERREZ FIDENCIO,MOD IV SUB II
LUNES,10:40-11:30,5° A,JOSE ANDRES RAFAEL ALARCON LEAL,CONC. HIST I
MARTES,10:40-11:30,5° A,ANGEL MANUEL GUTIERREZ FIDENCIO,FSE V
MIERCOLES,10:40-11:30,5° A,RUFINO SANTIAGO BETANZOS,TSM II
JUEVES,10:40-11:30,5° A,MARIANA CAVAZOS EDDY,INGLES V
VIERNES,10:40-11:30,5° A,ADRIANA LUCIA GARCIA LOPEZ,LA ENERGIA
LUNES,11:30-12:20,5° A,MARIANA CAVAZOS EDDY,INGLES V
MARTES,11:30-12:20,5° A,ADRIANA LUCIA GARCIA LOPEZ,LA ENERGIA
MIERCOLES,11:30-12:20,5° A,ANGEL MANUEL GUTIERREZ FIDENCIO,MOD IV SUB II
JUEVES,11:30-12:20,5° A,ANGEL MANUEL GUTIERREZ FIDENCIO,MOD IV SUB II
VIERNES,11:30-12:20,5° A,ADRIANA LUCIA GARCIA LOPEZ,LA ENERGIA
LUNES,12:20-13:10,5° A,MARIANA CAVAZOS EDDY,INGLES V
MARTES,12:20-13:10,5° A,ADRIANA LUCIA GARCIA LOPEZ,LA ENERGIA
MIERCOLES,12:20-13:10,5° A,ANGEL MANUEL GUTIERREZ FIDENCIO,TUTORIA
JUEVES,12:20-13:10,5° A,ANGEL MANUEL GUTIERREZ FIDENCIO,MOD IV SUB II
VIERNES,12:20-13:10,5° A,JOSE ANDRES RAFAEL ALARCON LEAL,CONC. HIST I
LUNES,7:00-7:50,5°B,JOSE ANDRES RAFAEL ALARCON LEAL,CON. HIST.
MARTES,7:00-7:50,5°B,CP. MARCELINO GARCIA RAMON,MOD. IV SUB I
MIERCOLES,7:00-7:50,5°B,RUFINO SANTIAGO BETANZOS,TSM II
JUEVES,7:00-7:50,5°B,CP. MARCELINO GARCIA RAMON,MOD. IV SUB I
VIERNES,7:00-7:50,5°B,CP. MARCELINO GARCIA RAMON,MOD. IV SUB I
LUNES,7:50-8:40,5°B,RUFINO SANTIAGO BETANZOS,TSM II
MARTES,7:50-8:40,5°B,CP. MARCELINO GARCIA RAMON,MOD. IV SUB I
MIERCOLES,7:50-8:40,5°B,RUFINO SANTIAGO BETANZOS,TSM II
JUEVES,7:50-8:40,5°B,CP. MARCELINO GARCIA RAMON,MOD. IV SUB I
VIERNES,7:50-8:40,5°B,CP. MARCELINO GARCIA RAMON,MOD. IV SUB I
LUNES,8:40-9:30,5°B,RUFINO SANTIAGO BETANZOS,TSM II
MARTES,8:40-9:30,5°B,ANGEL MANUEL GUTIERREZ FIDENCIO,MOD. IV SUB II
MIERCOLES,8:40-9:30,5°B,ANGEL MANUEL GUTIERREZ FIDENCIO,MOD. IV SUB II
JUEVES,8:40-9:30,5°B,DRA. RAQUEL CRUZ VILLALOBOS,ECON. PUB. SOC.
VIERNES,8:40-9:30,5°B,JOSE ANDRES RAFAEL ALARCON LEAL,CON. HIST.
LUNES,9:30-9:50,5°B,SIN ASIGNAR,R        E        C        E       S       O
LUNES,9:50-10:40,5°B,CP. MARCELINO GARCIA RAMON,MOD. IV SUB I
MARTES,9:50-10:40,5°B,DRA. RAQUEL CRUZ VILLALOBOS,ECON. PUB. SOC.
MIERCOLES,9:50-10:40,5°B,ANGEL MANUEL GUTIERREZ FIDENCIO,MOD. IV SUB II
JUEVES,9:50-10:40,5°B,ANGEL MANUEL GUTIERREZ FIDENCIO,MOD. IV SUB II
VIERNES,9:50-10:40,5°B,RUFINO SANTIAGO BETANZOS,TSM II
LUNES,10:40-11:30,5°B,ROSALIA DEL CARMEN SOTO MALDONADO,LA ENERGIA
MARTES,10:40-11:30,5°B,DRA. RAQUEL CRUZ VILLALOBOS,ECON. PUB. SOC.
MIERCOLES,10:40-11:30,5°B,MARIANA CAVAZOS EDDY,INGLES V
JUEVES,10:40-11:30,5°B,ANGEL MANUEL GUTIERREZ FIDENCIO,MOD. IV SUB II
VIERNES,10:40-11:30,5°B,MARIANA CAVAZOS EDDY,INGLES V
LUNES,11:30-12:20,5°B,JOSELIN CABRERA HERRERA,FSE V
MARTES,11:30-12:20,5°B,MARIANA CAVAZOS EDDY,INGLES V
MIERCOLES,11:30-12:20,5°B,MARIANA CAVAZOS EDDY,INGLES V
JUEVES,11:30-12:20,5°B,JOSE ANDRES RAFAEL ALARCON LEAL,CON. HIST.
VIERNES,11:30-12:20,5°B,ROSALIA DEL CARMEN SOTO MALDONADO,LA ENERGIA
LUNES,12:20-13:10,5°B,JOSELIN CABRERA HERRERA,TUTORIA
MARTES,12:20-13:10,5°B,MARIANA CAVAZOS EDDY,INGLES V
MIERCOLES,12:20-13:10,5°B,ROSALIA DEL CARMEN SOTO MALDONADO,LA ENERGIA
VIERNES,12:20-13:10,5°B,ROSALIA DEL CARMEN SOTO MALDONADO,LA ENERGIA
MARTES,7:00-7:50,5°C,RUBEN DARIO JACOME DE LOS SANTOS,INGLES V
MIERCOLES,7:00-7:50,5°C,KARLA BEATRIZ SEBRERO IZQUIERDO,MOD. IV SUB I
JUEVES,7:00-7:50,5°C,KARLA BEATRIZ SEBRERO IZQUIERDO,MOD. IV SUB I
VIERNES,7:00-7:50,5°C,RUBEN DARIO JACOME DE LOS SANTOS,INGLES V
LUNES,7:50-8:40,5°C,ROSALIA DEL CARMEN SOTO MALDONADO,LA ENERGIA
MARTES,7:50-8:40,5°C,RUBEN DARIO JACOME DE LOS SANTOS,INGLES V
MIERCOLES,7:50-8:40,5°C,KARLA BEATRIZ SEBRERO IZQUIERDO,MOD. IV SUB I
JUEVES,7:50-8:40,5°C,KARLA BEATRIZ SEBRERO IZQUIERDO,MOD. IV SUB I
VIERNES,7:50-8:40,5°C,RUBEN DARIO JACOME DE LOS SANTOS,INGLES V
LUNES,8:40-9:30,5°C,CONCEPCION MENDEZ MARTINEZ,ECON. PUB. SOC.
MARTES,8:40-9:30,5°C,KARLA BEATRIZ SEBRERO IZQUIERDO,MOD. IV SUB I
MIERCOLES,8:40-9:30,5°C,RUFINO SANTIAGO BETANZOS,TSM II
JUEVES,8:40-9:30,5°C,RUFINO SANTIAGO BETANZOS,TSM II
VIERNES,8:40-9:30,5°C,RUBEN DARIO JACOME DE LOS SANTOS,INGLES V
LUNES,9:30-9:50,5°C,SIN ASIGNAR,R        E        C        E       S       O
LUNES,9:50-10:40,5°C,RUFINO SANTIAGO BETANZOS,TSM II
MARTES,9:50-10:40,5°C,KARLA BEATRIZ SEBRERO IZQUIERDO,MOD. IV SUB I
MIERCOLES,9:50-10:40,5°C,RUFINO SANTIAGO BETANZOS,TSM II
JUEVES,9:50-10:40,5°C,CONCEPCION MENDEZ MARTINEZ,ECON. PUB. SOC.
VIERNES,9:50-10:40,5°C,ROSALIA DEL CARMEN SOTO MALDONADO,LA ENERGIA
LUNES,10:40-11:30,5°C,RUFINO SANTIAGO BETANZOS,TSM II
MARTES,10:40-11:30,5°C,KARLA BEATRIZ SEBRERO IZQUIERDO,MOD. IV SUB I
MIERCOLES,10:40-11:30,5°C,CONCEPCION MENDEZ MARTINEZ,ECON. PUB. SOC.
JUEVES,10:40-11:30,5°C,ROSALIA DEL CARMEN SOTO MALDONADO,LA ENERGIA
VIERNES,10:40-11:30,5°C,ANGEL MANUEL GUTIERREZ FIDENCIO,MOD. IV SUB II
LUNES,11:30-12:20,5°C,JOSE ANDRES RAFAEL ALARCON LEAL,CONC. HIST. I
MARTES,11:30-12:20,5°C,ANGEL MANUEL GUTIERREZ FIDENCIO,MOD. IV SUB II
MIERCOLES,11:30-12:20,5°C,GUADALUPE LARA GONZALEZ,FSE V
JUEVES,11:30-12:20,5°C,ROSALIA DEL CARMEN SOTO MALDONADO,LA ENERGIA
VIERNES,11:30-12:20,5°C,ANGEL MANUEL GUTIERREZ FIDENCIO,MOD. IV SUB II
LUNES,12:20-13:10,5°C,JOSE ANDRES RAFAEL ALARCON LEAL,CONC. HIST. I
MARTES,12:20-13:10,5°C,ANGEL MANUEL GUTIERREZ FIDENCIO,MOD. IV SUB II
MIERCOLES,12:20-13:10,5°C,GUADALUPE LARA GONZALEZ,TUTORIA
JUEVES,12:20-13:10,5°C,JOSE ANDRES RAFAEL ALARCON LEAL,CONC. HIST. I
VIERNES,12:20-13:10,5°C,ANGEL MANUEL GUTIERREZ FIDENCIO,MOD. IV SUB II
LUNES,7:00-7:50,5°G,RUFINO SANTIAGO BETANZOS,TSM II
MARTES,7:00-7:50,5°G,NUT. RUDY MENDOZA RAMIREZ,MOD. IV SUB II PLG
MIERCOLES,7:00-7:50,5°G,CRUZ DEL CARMEN MOLINA RODRIGUEZ,FSE V
JUEVES,7:00-7:50,5°G,VERONICA GUADALUPE FABIAN ORTEGA,INGLES V
VIERNES,7:00-7:50,5°G,JOSE ANDRES RAFAEL ALARCON LEAL,CONC. HIST. I
LUNES,7:50-8:40,5°G,VERONICA GUADALUPE FABIAN ORTEGA,INGLES V
MARTES,7:50-8:40,5°G,NUT. RUDY MENDOZA RAMIREZ,MOD. IV SUB II PLG
MIERCOLES,7:50-8:40,5°G,VERONICA GUADALUPE FABIAN ORTEGA,INGLES V
JUEVES,7:50-8:40,5°G,VERONICA GUADALUPE FABIAN ORTEGA,INGLES V
VIERNES,7:50-8:40,5°G,JOSE ANDRES RAFAEL ALARCON LEAL,CONC. HIST. I
LUNES,8:40-9:30,5°G,VERONICA GUADALUPE FABIAN ORTEGA,INGLES V
MARTES,8:40-9:30,5°G,NUT. RUDY MENDOZA RAMIREZ,MOD. IV SUB II PLG
MIERCOLES,8:40-9:30,5°G,ROSALIA DEL CARMEN SOTO MALDONADO,LA ENERGIA
JUEVES,8:40-9:30,5°G,QFB. ROSA VELIA CRUZ MORENO,MAT. Y ENERGIA
VIERNES,8:40-9:30,5°G,DRA. AMPARO CONTRERAS GUTIERREZ,MOD. IV SUB IPLG
LUNES,9:30-9:50,5°G,SIN ASIGNAR,R        E        C        E       S       O
LUNES,9:50-10:40,5°G,NUT. RUDY MENDOZA RAMIREZ,MOD. IV SUB II
MARTES,9:50-10:40,5°G,ROSALIA DEL CARMEN SOTO MALDONADO,LA ENERGIA
MIERCOLES,9:50-10:40,5°G,ROSALIA DEL CARMEN SOTO MALDONADO,LA ENERGIA
JUEVES,9:50-10:40,5°G,RUFINO SANTIAGO BETANZOS,TSM II
VIERNES,9:50-10:40,5°G,DRA. AMPARO CONTRERAS GUTIERREZ,MOD. IV SUB IPLG
LUNES,10:40-11:30,5°G,JOSELIN CABRERA HERRERA,TUTORIA
MARTES,10:40-11:30,5°G,DRA. AMPARO CONTRERAS GUTIERREZ,MOD. IV SUB I
MIERCOLES,10:40-11:30,5°G,DRA. AMPARO CONTRERAS GUTIERREZ,MOD. IV SUB I PLG
JUEVES,10:40-11:30,5°G,NUT. RUDY MENDOZA RAMIREZ,MOD. IV SUB II
VIERNES,10:40-11:30,5°G,RUFINO SANTIAGO BETANZOS,TSM II
LUNES,11:30-12:20,5°G,QFB. ROSA VELIA CRUZ MORENO,MAT. Y ENERGIA
MARTES,11:30-12:20,5°G,DRA. AMPARO CONTRERAS GUTIERREZ,MOD. IV SUB I
MIERCOLES,11:30-12:20,5°G,DRA. AMPARO CONTRERAS GUTIERREZ,MOD. IV SUB I PLG
JUEVES,11:30-12:20,5°G,NUT. RUDY MENDOZA RAMIREZ,MOD. IV SUB II
VIERNES,11:30-12:20,5°G,RUFINO SANTIAGO BETANZOS,TSM II
LUNES,12:20-13:10,5°G,QFB. ROSA VELIA CRUZ MORENO,MAT. Y ENERGIA
MARTES,12:20-13:10,5°G,JOSE ANDRES RAFAEL ALARCON LEAL,CONC. HIST. I
MIERCOLES,12:20-13:10,5°G,RUFINO SANTIAGO BETANZOS,TSM II
JUEVES,12:20-13:10,5°G,ROSALIA DEL CARMEN SOTO MALDONADO,LA ENERGIA
LUNES,7:00-7:50,5°H,NUT. RUDY MENDOZA RAMIREZ,MOD. IV SUB II PLG
MARTES,7:00-7:50,5°H,JOSE ANDRES RAFAEL ALARCON LEAL,CONC. HIST. I
MIERCOLES,7:00-7:50,5°H,QFB.ROSA VELIA CRUZ MORENO,MAT. Y ENERGIA
JUEVES,7:00-7:50,5°H,JOSE ANDRES RAFAEL ALARCON LEAL,CONC. HIST. I
VIERNES,7:00-7:50,5°H,DRA. AMPARO CONTRERAS GUTIERREZ,MOD. IV SUB I PLG
LUNES,7:50-8:40,5°H,NUT. RUDY MENDOZA RAMIREZ,MOD. IV SUB II PLG
MARTES,7:50-8:40,5°H,JOSE ANDRES RAFAEL ALARCON LEAL,CONC. HIST. I
MIERCOLES,7:50-8:40,5°H,QFB.ROSA VELIA CRUZ MORENO,MAT. Y ENERGIA
JUEVES,7:50-8:40,5°H,GABRIELA GAMBOA CASTILLO,TUTORIA
VIERNES,7:50-8:40,5°H,DRA. AMPARO CONTRERAS GUTIERREZ,MOD. IV SUB I PLG
LUNES,8:40-9:30,5°H,NUT. RUDY MENDOZA RAMIREZ,MOD. IV SUB II PLG
MARTES,8:40-9:30,5°H,GABRIELA GAMBOA CASTILLO,FSE V
MIERCOLES,8:40-9:30,5°H,DRA. AMPARO CONTRERAS GUTIERREZ,MOD. IV SUB I
JUEVES,8:40-9:30,5°H,MARIANA CAVAZOS EDDY,INGLES V
VIERNES,8:40-9:30,5°H,MARIANA CAVAZOS EDDY,INGLES V
LUNES,9:30-9:50,5°H,SIN ASIGNAR,R        E        C        E       S       O
LUNES,9:50-10:40,5°H,GABRIELA GAMBOA CASTILLO,TSM II
MARTES,9:50-10:40,5°H,MARIANA CAVAZOS EDDY,INGLES V
MIERCOLES,9:50-10:40,5°H,DRA. AMPARO CONTRERAS GUTIERREZ,MOD. IV SUB I
JUEVES,9:50-10:40,5°H,GABRIELA GAMBOA CASTILLO,TSM II
VIERNES,9:50-10:40,5°H,MARIANA CAVAZOS EDDY,INGLES V
LUNES,10:40-11:30,5°H,QFB.ROSA VELIA CRUZ MORENO,MAT. Y ENERGIA
MARTES,10:40-11:30,5°H,MARIANA CAVAZOS EDDY,INGLES V
MIERCOLES,10:40-11:30,5°H,ROSALIA DEL CARMEN SOTO MALDONADO,LA ENERGIA
JUEVES,10:40-11:30,5°H,GABRIELA GAMBOA CASTILLO,TSM II
VIERNES,10:40-11:30,5°H,GABRIELA GAMBOA CASTILLO,TSM II
LUNES,11:30-12:20,5°H,ROSALIA DEL CARMEN SOTO MALDONADO,LA ENERGIA
MARTES,11:30-12:20,5°H,NUT. RUDY MENDOZA RAMIREZ,MOD. IV SUB II
MIERCOLES,11:30-12:20,5°H,ROSALIA DEL CARMEN SOTO MALDONADO,LA ENERGIA
JUEVES,11:30-12:20,5°H,DRA. AMPARO CONTRERAS GUTIERREZ,MOD. IV SUB I PLG
VIERNES,11:30-12:20,5°H,GABRIELA GAMBOA CASTILLO,TSM II
LUNES,12:20-13:10,5°H,ROSALIA DEL CARMEN SOTO MALDONADO,LA ENERGIA
MARTES,12:20-13:10,5°H,NUT. RUDY MENDOZA RAMIREZ,MOD. IV SUB II
MIERCOLES,12:20-13:10,5°H,NUT. RUDY MENDOZA RAMIREZ,MOD. IV SUB II
JUEVES,12:20-13:10,5°H,DRA. AMPARO CONTRERAS GUTIERREZ,MOD. IV SUB I PLG
MARTES,7:00-7:50,5°K,DAMARIS ABILENE CARRILO MARRUFO,INGLES V
MIERCOLES,7:00-7:50,5°K,JOSE ANDRES RAFAEL ALARCON LEAL,CONC. HIST. I
JUEVES,7:00-7:50,5°K,TOMAS HERNANDEZ MEDINA,MOD. IV SUB II PS3
VIERNES,7:00-7:50,5°K,DAMARIS ABILENE CARRILO MARRUFO,INGLES V
LUNES,7:50-8:40,5°K,CECILIA  HERNANDEZ ROSADO,ECON. PUB. Y SOC
MARTES,7:50-8:40,5°K,CECILIA  HERNANDEZ ROSADO,ECON. PUB. Y SOC
MIERCOLES,7:50-8:40,5°K,JOSE ANDRES RAFAEL ALARCON LEAL,CONC. HIST. I
JUEVES,7:50-8:40,5°K,TOMAS HERNANDEZ MEDINA,MOD. IV SUB II PS3
VIERNES,7:50-8:40,5°K,DAMARIS ABILENE CARRILO MARRUFO,INGLES V
LUNES,8:40-9:30,5°K,ING.ROSALIA DEL CARMEN SOTO MALDONADO,LA ENERGIA
MARTES,8:40-9:30,5°K,CECILIA  HERNANDEZ ROSADO,ECON. PUB. Y SOC
MIERCOLES,8:40-9:30,5°K,DAMARIS ABILENE CARRILO MARRUFO,INGLES V
JUEVES,8:40-9:30,5°K,TOMAS HERNANDEZ MEDINA,MOD. IV SUB II PS3
VIERNES,8:40-9:30,5°K,ING.ROSALIA DEL CARMEN SOTO MALDONADO,LA ENERGIA
LUNES,9:30-9:50,5°K,SIN ASIGNAR,R        E        C        E       S       O
LUNES,9:50-10:40,5°K,DAMARIS ABILENE CARRILO MARRUFO,INGLES V
MARTES,9:50-10:40,5°K,JOSE ANDRES RAFAEL ALARCON LEAL,CONC. HIST. I
MIERCOLES,9:50-10:40,5°K,GABRIELA GAMBOA CASTILLO,TSM II
JUEVES,9:50-10:40,5°K,ROSA MARIA OTERO DE LA CRUZ,MOD. IV SUB I
VIERNES,9:50-10:40,5°K,DAMARIS ABILENE CARRILO MARRUFO,TUTORIA
LUNES,10:40-11:30,5°K,TOMAS HERNANDEZ MEDINA,MOD. IV SUB II PS3
MARTES,10:40-11:30,5°K,ING.ROSALIA DEL CARMEN SOTO MALDONADO,LA ENERGIA
MIERCOLES,10:40-11:30,5°K,GABRIELA GAMBOA CASTILLO,TSM II
JUEVES,10:40-11:30,5°K,ROSA MARIA OTERO DE LA CRUZ,MOD. IV SUB I
VIERNES,10:40-11:30,5°K,TOMAS HERNANDEZ MEDINA,MOD. IV SUB II
LUNES,11:30-12:20,5°K,TOMAS HERNANDEZ MEDINA,MOD. IV SUB II PS3
MARTES,11:30-12:20,5°K,ING.ROSALIA DEL CARMEN SOTO MALDONADO,LA ENERGIA
MIERCOLES,11:30-12:20,5°K,ROSA MARIA OTERO DE LA CRUZ,MOD. IV SUB I PS2
JUEVES,11:30-12:20,5°K,GABRIELA GAMBOA CASTILLO,TSM II
VIERNES,11:30-12:20,5°K,JOSELIN CABRERA HERRERA,FSE V
LUNES,12:20-13:10,5°K,TOMAS HERNANDEZ MEDINA,MOD. IV SUB II PS3
MARTES,12:20-13:10,5°K,TOMAS HERNANDEZ MEDINA,MOD. IV SUB II
MIERCOLES,12:20-13:10,5°K,ROSA MARIA OTERO DE LA CRUZ,MOD. IV SUB I PS2
JUEVES,12:20-13:10,5°K,GABRIELA GAMBOA CASTILLO,TSM II
VIERNES,12:20-13:10,5°K,GABRIELA GAMBOA CASTILLO,TSM II
LUNES,7:00-7:50,5°L,MELINA YAMILETH VICENTE HERNANDEZ,INGLES V
MARTES,7:00-7:50,5°L,JOSE LEONEL SOTELO RAYGOZA,TSM II
JUEVES,7:00-7:50,5°L,JOSE LEONEL SOTELO RAYGOZA,TSM II
VIERNES,7:00-7:50,5°L,KARLA BEATRIZ SEBRERO IZQUIERDO,ECON. PUB Y SOCIAL
LUNES,7:50-8:40,5°L,MELINA YAMILETH VICENTE HERNANDEZ,INGLES V
MARTES,7:50-8:40,5°L,JOSE LEONEL SOTELO RAYGOZA,TSM II
MIERCOLES,7:50-8:40,5°L,JOSE LEONEL SOTELO RAYGOZA,TSM II
JUEVES,7:50-8:40,5°L,JOSE LEONEL SOTELO RAYGOZA,TSM II
VIERNES,7:50-8:40,5°L,KARLA BEATRIZ SEBRERO IZQUIERDO,ECON. PUB Y SOCIAL
LUNES,8:40-9:30,5°L,JOSE ANDRES RAFAEL ALARCON LEAL,CONC. HIST I
MARTES,8:40-9:30,5°L,MELINA YAMILETH VICENTE HERNANDEZ,INGLES V
MIERCOLES,8:40-9:30,5°L,JOSE ANDRES RAFAEL ALARCON LEAL,CONC. HIST I
JUEVES,8:40-9:30,5°L,KARLA BEATRIZ SEBRERO IZQUIERDO,ECON. PUB Y SOCIAL
VIERNES,8:40-9:30,5°L,MELINA YAMILETH VICENTE HERNANDEZ,INGLES V
LUNES,9:30-9:50,5°L,SIN ASIGNAR,R        E        C        E       S       O
LUNES,9:50-10:40,5°L,JOSELIN CABRERA HERRERA,FSE V
MARTES,9:50-10:40,5°L,ADRIANA LUCIA GARCIA LOPEZ,LA ENERGIA
MIERCOLES,9:50-10:40,5°L,JOSE ANDRES RAFAEL ALARCON LEAL,CONC. HIST I
JUEVES,9:50-10:40,5°L,JOSELIN CABRERA HERRERA,TUTORIA
VIERNES,9:50-10:40,5°L,MELINA YAMILETH VICENTE HERNANDEZ,INGLES V
LUNES,10:40-11:30,5°L,ISIS DEL ROSARIO GAMBOA MANCILLA,MOD. IV SUB II PS2
MARTES,10:40-11:30,5°L,ADRIANA LUCIA GARCIA LOPEZ,LA ENERGIA
MIERCOLES,10:40-11:30,5°L,ISIS DEL ROSARIO GAMBOA MANCILLA,MOD IV SUB II
JUEVES,10:40-11:30,5°L,ADRIANA LUCIA GARCIA LOPEZ,LA ENERGIA
VIERNES,10:40-11:30,5°L,ROSA MARIA OTERO DE LA CRUZ,MOD IV SUB I
LUNES,11:30-12:20,5°L,ISIS DEL ROSARIO GAMBOA MANCILLA,MOD. IV SUB II PS2
MARTES,11:30-12:20,5°L,ISIS DEL ROSARIO GAMBOA MANCILLA,MOD. IV SUB II PS2
MIERCOLES,11:30-12:20,5°L,ISIS DEL ROSARIO GAMBOA MANCILLA,MOD IV SUB II
JUEVES,11:30-12:20,5°L,ROSA MARIA OTERO DE LA CRUZ,MOD IV SUB I PS1
VIERNES,11:30-12:20,5°L,ROSA MARIA OTERO DE LA CRUZ,MOD. IV SUB I
LUNES,12:20-13:10,5°L,ISIS DEL ROSARIO GAMBOA MANCILLA,MOD. IV SUB II PS2
MARTES,12:20-13:10,5°L,ISIS DEL ROSARIO GAMBOA MANCILLA,MOD. IV SUB II PS2
MIERCOLES,12:20-13:10,5°L,ADRIANA LUCIA GARCIA LOPEZ,LA ENERGIA
JUEVES,12:20-13:10,5°L,ROSA MARIA OTERO DE LA CRUZ,MOD IV SUB I PS1
VIERNES,12:20-13:10,5°L,ISIS DEL ROSARIO GAMBOA MANCILLA,MOD IV SUB II PS2
LUNES,7:00-7:50,5°M,JOSELIN CABRERA HERRERA,TUTORIA
MARTES,7:00-7:50,5°M,KARLA BEATRIZ SEBRERO IZQUIERDO,ECON. PUB. Y SOC.
MIERCOLES,7:00-7:50,5°M,MELINA YAMILETH VICENTE HERNANDEZ,INGLES V
JUEVES,7:00-7:50,5°M,MELINA YAMILETH VICENTE HERNANDEZ,INGLES V
VIERNES,7:00-7:50,5°M,TOMAS HERNANDEZ MEDINA,MOD IV SUB II PS3
LUNES,7:50-8:40,5°M,JOSE ANDRES RAFAEL ALARCON LEAL,CONC. HIST. I
MARTES,7:50-8:40,5°M,KARLA BEATRIZ SEBRERO IZQUIERDO,ECON. PUB. Y SOC.
MIERCOLES,7:50-8:40,5°M,MELINA YAMILETH VICENTE HERNANDEZ,INGLES V
JUEVES,7:50-8:40,5°M,JOSE ANDRES RAFAEL ALARCON LEAL,CONC. HIST. I
VIERNES,7:50-8:40,5°M,TOMAS HERNANDEZ MEDINA,MOD IV SUB II PS3
LUNES,8:40-9:30,5°M,JOSELIN CABRERA HERRERA,FSE V
MARTES,8:40-9:30,5°M,JOSE ANDRES RAFAEL ALARCON LEAL,CONC. HIST. I
MIERCOLES,8:40-9:30,5°M,KARLA BEATRIZ SEBRERO IZQUIERDO,ECON. PUB. Y SOC.
JUEVES,8:40-9:30,5°M,GABRIELA GAMBOA CASTILLO,TSM II
VIERNES,8:40-9:30,5°M,TOMAS HERNANDEZ MEDINA,MOD IV SUB II PS3
LUNES,9:30-9:50,5°M,SIN ASIGNAR,R        E        C        E       S       O
LUNES,9:50-10:40,5°M,TOMAS HERNANDEZ MEDINA,MOD IV SUB II PS3
MARTES,9:50-10:40,5°M,GABRIELA GAMBOA CASTILLO,TSM II
MIERCOLES,9:50-10:40,5°M,TOMAS HERNANDEZ MEDINA,MOD IV SUB II PS3
JUEVES,9:50-10:40,5°M,TOMAS HERNANDEZ MEDINA,MOD IV SUB II
VIERNES,9:50-10:40,5°M,ROSA MARIA OTERO DE LA CRUZ,MOD. IV SUB I
LUNES,10:40-11:30,5°M,GABRIELA GAMBOA CASTILLO,TSM II
MARTES,10:40-11:30,5°M,GABRIELA GAMBOA CASTILLO,TSM II
MIERCOLES,10:40-11:30,5°M,TOMAS HERNANDEZ MEDINA,MOD IV SUB II PS3
JUEVES,10:40-11:30,5°M,TOMAS HERNANDEZ MEDINA,MOD IV SUB II
VIERNES,10:40-11:30,5°M,MELINA YAMILETH VICENTE HERNANDEZ,INGLES V
LUNES,11:30-12:20,5°M,ROSA MARIA OTERO DE LA CRUZ,MOD IV SUB I PS1
MARTES,11:30-12:20,5°M,ROSA MARIA OTERO DE LA CRUZ,MOD. IV SUB I
MIERCOLES,11:30-12:20,5°M,ADRIANA LUCIA GARCIA LOPEZ,LA ENERGIA
JUEVES,11:30-12:20,5°M,ADRIANA LUCIA GARCIA LOPEZ,LA ENERGIA
VIERNES,11:30-12:20,5°M,MELINA YAMILETH VICENTE HERNANDEZ,INGLES V
LUNES,12:20-13:10,5°M,ROSA MARIA OTERO DE LA CRUZ,MOD IV SUB I PS1
MIERCOLES,12:20-13:10,5°M,GABRIELA GAMBOA CASTILLO,TSM II
JUEVES,12:20-13:10,5°M,ADRIANA LUCIA GARCIA LOPEZ,LA ENERGIA
VIERNES,12:20-13:10,5°M,ADRIANA LUCIA GARCIA LOPEZ,LA ENERGIA
LUNES,7:00-7:50,5°P,GUADALUPE LARA GONZALEZ,MOD IV SUB I
MARTES,7:00-7:50,5°P,MELINA YAMILETH VICENTE HERNANDEZ,INGLES V
MIERCOLES,7:00-7:50,5°P,GUADALUPE LARA GONZALEZ,MOD IV SUB II PLS
JUEVES,7:00-7:50,5°P,GUADALUPE LARA GONZALEZ,MOD IV SUB II PLS
VIERNES,7:00-7:50,5°P,GUADALUPE LARA GONZALEZ,MOD IV SUB II
LUNES,7:50-8:40,5°P,GUADALUPE LARA GONZALEZ,MOD IV SUB I
MARTES,7:50-8:40,5°P,MELINA YAMILETH VICENTE HERNANDEZ,INGLES V
MIERCOLES,7:50-8:40,5°P,GUADALUPE LARA GONZALEZ,MOD IV SUB II PLS
JUEVES,7:50-8:40,5°P,GUADALUPE LARA GONZALEZ,MOD IV SUB II PLS
VIERNES,7:50-8:40,5°P,GUADALUPE LARA GONZALEZ,MOD IV SUB II
LUNES,8:40-9:30,5°P,MELINA YAMILETH VICENTE HERNANDEZ,INGLES V
MARTES,8:40-9:30,5°P,ROSALIA SOTO MALDONADO,LA ENERGIA
MIERCOLES,8:40-9:30,5°P,GUADALUPE LARA GONZALEZ,MOD IV SUB II PLS
JUEVES,8:40-9:30,5°P,ROSALIA SOTO MALDONADO,LA ENERGIA
VIERNES,8:40-9:30,5°P,GUADALUPE LARA GONZALEZ,MOD IV SUB I
LUNES,9:30-9:50,5°P,SIN ASIGNAR,R        E        C        E       S       O
LUNES,9:50-10:40,5°P,ROSALIA SOTO MALDONADO,LA ENERGIA
MARTES,9:50-10:40,5°P,GUADALUPE LARA GONZALEZ,MOD IV SUB I PLS
MIERCOLES,9:50-10:40,5°P,GUADALUPE LARA GONZALEZ,FSE V
JUEVES,9:50-10:40,5°P,ROSALIA SOTO MALDONADO,LA ENERGIA
VIERNES,9:50-10:40,5°P,GABRIELA GAMBOA CASTILLO,TSM II
LUNES,10:40-11:30,5°P,JOSÉ ÁNGEL VIARREAL RÁMIREZ,TUTORIA
MARTES,10:40-11:30,5°P,GUADALUPE LARA GONZALEZ,MOD IV SUB I PLS
MIERCOLES,10:40-11:30,5°P,MELINA YAMILETH VICENTE HERNANDEZ,INGLES V
JUEVES,10:40-11:30,5°P,JOSE ANDRES RAFAEL ALARCON LEAL,CONC. HIST. I
VIERNES,10:40-11:30,5°P,SERGIO ARANDA PEREZ,MATE APLICADA
LUNES,11:30-12:20,5°P,GABRIELA GAMBOA CASTILLO,TSM II
MARTES,11:30-12:20,5°P,GABRIELA GAMBOA CASTILLO,TSM II
MIERCOLES,11:30-12:20,5°P,JOSE ANDRES RAFAEL ALARCON LEAL,CONC. HIST. I
JUEVES,11:30-12:20,5°P,MELINA YAMILETH VICENTE HERNANDEZ,INGLES V
VIERNES,11:30-12:20,5°P,SERGIO ARANDA PEREZ,MATE APLICADA
LUNES,12:20-13:10,5°P,GABRIELA GAMBOA CASTILLO,TSM II
MARTES,12:20-13:10,5°P,GABRIELA GAMBOA CASTILLO,TSM II
MIERCOLES,12:20-13:10,5°P,JOSE ANDRES RAFAEL ALARCON LEAL,CONC. HIST. I
JUEVES,12:20-13:10,5°P,SERGIO ARANDA PEREZ,MATE APLICADA
